#OTU ID,Kingdom,phyla,class,order,family ,genus,strain
Otu1011,Bacteria,Acidobacteria,Acidobacteria_Gp10,Gp10,Gp10,Gp10,Otu1011
Otu1117,Bacteria,Acidobacteria,Acidobacteria_Gp10,Gp10,Gp10,Gp10,Otu1117
Otu1229,Bacteria,Acidobacteria,Acidobacteria_Gp10,Gp10,Gp10,Gp10,Otu1229
Otu1287,Bacteria,Acidobacteria,Acidobacteria_Gp10,Gp10,Gp10,Gp10,Otu1287
Otu1550,Bacteria,Acidobacteria,Acidobacteria_Gp10,Gp10,Gp10,Gp10,Otu1550
Otu1565,Bacteria,Acidobacteria,Acidobacteria_Gp10,Gp10,Gp10,Gp10,Otu1565
Otu1870,Bacteria,Acidobacteria,Acidobacteria_Gp10,Gp10,Gp10,Gp10,Otu1870
Otu1888,Bacteria,Acidobacteria,Acidobacteria_Gp10,Gp10,Gp10,Gp10,Otu1888
Otu2060,Bacteria,Acidobacteria,Acidobacteria_Gp10,Gp10,Gp10,Gp10,Otu2060
Otu2136,Bacteria,Acidobacteria,Acidobacteria_Gp10,Gp10,Gp10,Gp10,Otu2136
Otu233,Bacteria,Acidobacteria,Acidobacteria_Gp10,Gp10,Gp10,Gp10,Otu233
Otu779,Bacteria,Acidobacteria,Acidobacteria_Gp10,Gp10,Gp10,Gp10,Otu779
Otu794,Bacteria,Acidobacteria,Acidobacteria_Gp10,Gp10,Gp10,Gp10,Otu794
Otu990,Bacteria,Acidobacteria,Acidobacteria_Gp10,Gp10,Gp10,Gp10,Otu990
Otu1007,Bacteria,Acidobacteria,Acidobacteria_Gp22,Gp22,Gp22,Gp22,Otu1007
Otu1383,Bacteria,Acidobacteria,Acidobacteria_Gp22,Gp22,Gp22,Gp22,Otu1383
Otu1554,Bacteria,Acidobacteria,Acidobacteria_Gp22,Gp22,Gp22,Gp22,Otu1554
Otu1573,Bacteria,Acidobacteria,Acidobacteria_Gp22,Gp22,Gp22,Gp22,Otu1573
Otu2090,Bacteria,Acidobacteria,Acidobacteria_Gp22,Gp22,Gp22,Gp22,Otu2090
Otu1139,Bacteria,Acidobacteria,Acidobacteria_Gp23,Thermoanaerobaculum,Thermoanaerobaculum,Thermoanaerobaculum,Otu1139
Otu1525,Bacteria,Acidobacteria,Acidobacteria_Gp23,Thermoanaerobaculum,Thermoanaerobaculum,Thermoanaerobaculum,Otu1525
Otu1148,Bacteria,Acidobacteria,Acidobacteria_Gp26,Gp26,Gp26,Gp26,Otu1148
Otu1237,Bacteria,Acidobacteria,Acidobacteria_Gp3,Bryobacter,Bryobacter,Bryobacter,Otu1237
Otu1668,Bacteria,Acidobacteria,Acidobacteria_Gp3,Bryobacter,Bryobacter,Bryobacter,Otu1668
Otu2023,Bacteria,Acidobacteria,Acidobacteria_Gp3,Bryobacter,Bryobacter,Bryobacter,Otu2023
Otu2025,Bacteria,Acidobacteria,Acidobacteria_Gp3,Bryobacter,Bryobacter,Bryobacter,Otu2025
Otu1729,Bacteria,Acidobacteria,Acidobacteria_Gp3,Gp3,Gp3,Gp3,Otu1729
Otu571,Bacteria,Acidobacteria,Acidobacteria_Gp3,Paludibaculum,Paludibaculum,Paludibaculum,Otu571
Otu1529,Bacteria,Acidobacteria,Acidobacteria_Gp4,Aridibacter,Aridibacter,Aridibacter,Otu1529
Otu2002,Bacteria,Acidobacteria,Acidobacteria_Gp4,Blastocatella,Blastocatella,Blastocatella,Otu2002
Otu2050,Bacteria,Acidobacteria,Acidobacteria_Gp4,Blastocatella,Blastocatella,Blastocatella,Otu2050
Otu1658,Bacteria,Acidobacteria,Acidobacteria_Gp4,Pyrinomonas,Pyrinomonas,Pyrinomonas,Otu1658
Otu1302,Bacteria,Acidobacteria,Holophagae,Acanthopleuribacterales,Acanthopleuribacteraceae,Acanthopleuribacter,Otu1302
Otu1496,Bacteria,Acidobacteria,Holophagae,Acanthopleuribacterales,Acanthopleuribacteraceae,Acanthopleuribacter,Otu1496
Otu1969,Bacteria,Acidobacteria,Holophagae,Acanthopleuribacterales,Acanthopleuribacteraceae,Acanthopleuribacter,Otu1969
Otu2110,Bacteria,Acidobacteria,Holophagae,Acanthopleuribacterales,Acanthopleuribacteraceae,Acanthopleuribacter,Otu2110
Otu756,Bacteria,Acidobacteria,Holophagae,Acanthopleuribacterales,Acanthopleuribacteraceae,Acanthopleuribacter,Otu756
Otu1005,Bacteria,Actinobacteria,Actinobacteria,Acidimicrobiales,Acidimicrobiaceae,Ferrimicrobium,Otu1005
Otu249,Bacteria,Actinobacteria,Actinobacteria,Acidimicrobiales,Acidimicrobiaceae,Ferrimicrobium,Otu249
Otu253,Bacteria,Actinobacteria,Actinobacteria,Acidimicrobiales,Acidimicrobiaceae,Ilumatobacter,Otu253
Otu544,Bacteria,Actinobacteria,Actinobacteria,Acidimicrobiales,Acidimicrobiaceae,Ilumatobacter,Otu544
Otu660,Bacteria,Actinobacteria,Actinobacteria,Acidimicrobiales,Acidimicrobineae_incertae_sedis,Aciditerrimonas,Otu660
Otu1217,Bacteria,Actinobacteria,Actinobacteria,Acidimicrobiales,Iamiaceae,Aquihabitans,Otu1217
Otu507,Bacteria,Actinobacteria,Actinobacteria,Acidimicrobiales,Iamiaceae,Aquihabitans,Otu507
Otu1458,Bacteria,Actinobacteria,Actinobacteria,Acidimicrobiales,Iamiaceae,Iamia,Otu1458
Otu2232,Bacteria,Actinobacteria,Actinobacteria,Acidimicrobiales,Iamiaceae,Iamia,Otu2232
Otu757,Bacteria,Actinobacteria,Actinobacteria,Acidimicrobiales,Iamiaceae,Iamia,Otu757
Otu230,Bacteria,Actinobacteria,Actinobacteria,Actinomycetales,Acidothermaceae,Acidothermus,Otu230
Otu676,Bacteria,Actinobacteria,Actinobacteria,Actinomycetales,Bogoriellaceae,Oceanitalea,Otu676
Otu519,Bacteria,Actinobacteria,Actinobacteria,Actinomycetales,Cellulomonadaceae,Sediminihabitans,Otu519
Otu169,Bacteria,Actinobacteria,Actinobacteria,Actinomycetales,Corynebacteriaceae,Corynebacterium,Otu169
Otu241,Bacteria,Actinobacteria,Actinobacteria,Actinomycetales,Corynebacteriaceae,Corynebacterium,Otu241
Otu898,Bacteria,Actinobacteria,Actinobacteria,Actinomycetales,Corynebacteriaceae,Corynebacterium,Otu898
Otu1494,Bacteria,Actinobacteria,Actinobacteria,Actinomycetales,Cryptosporangiaceae,Jatrophihabitans,Otu1494
Otu828,Bacteria,Actinobacteria,Actinobacteria,Actinomycetales,Glycomycetaceae,Haloglycomyces,Otu828
Otu275,Bacteria,Actinobacteria,Actinobacteria,Actinomycetales,Intrasporangiaceae,Terracoccus,Otu275
Otu2208,Bacteria,Actinobacteria,Actinobacteria,Actinomycetales,Microbacteriaceae,Clavibacter,Otu2208
Otu1517,Bacteria,Actinobacteria,Actinobacteria,Actinomycetales,Microbacteriaceae,Homoserinibacter,Otu1517
Otu1442,Bacteria,Actinobacteria,Actinobacteria,Actinomycetales,Microbacteriaceae,Leifsonia,Otu1442
Otu365,Bacteria,Actinobacteria,Actinobacteria,Actinomycetales,Microbacteriaceae,Pontimonas,Otu365
Otu195,Bacteria,Actinobacteria,Actinobacteria,Actinomycetales,Microbacteriaceae,Rhodoluna,Otu195
Otu1426,Bacteria,Actinobacteria,Actinobacteria,Actinomycetales,Micrococcaceae,Rothia,Otu1426
Otu2012,Bacteria,Actinobacteria,Actinobacteria,Actinomycetales,Nocardioidaceae,Nocardioides,Otu2012
Otu1328,Bacteria,Actinobacteria,Actinobacteria,Actinomycetales,Propionibacteriaceae,Micropruina,Otu1328
Otu235,Bacteria,Actinobacteria,Actinobacteria,Actinomycetales,Propionibacteriaceae,Propionibacterium,Otu235
Otu1156,Bacteria,Actinobacteria,Actinobacteria,Solirubrobacterales,Conexibacteraceae,Conexibacter,Otu1156
Otu1959,Bacteria,Aquificae,Aquificae,Aquificales,Aquificaceae,Aquifex,Otu1959
Otu1133,Bacteria,Aquificae,Aquificae,Aquificales,Aquificales_incertae_sedis,Thermosulfidibacter,Otu1133
Otu1177,Bacteria,Aquificae,Aquificae,Aquificales,Hydrogenothermaceae,Hydrogenothermus,Otu1177
Otu1246,Bacteria,Aquificae,Aquificae,Aquificales,Hydrogenothermaceae,Hydrogenothermus,Otu1246
Otu1549,Bacteria,Aquificae,Aquificae,Aquificales,Hydrogenothermaceae,Venenivibrio,Otu1549
Otu1960,Bacteria,Armatimonadetes,Armatimonadetes_gp5,Armatimonadetes_gp5,Armatimonadetes_gp5,Armatimonadetes_gp5,Otu1960
Otu1673,Bacteria,Bacteroidetes,Bacteroidetes_incertae_sedis,Marinifilum,Marinifilum,Marinifilum,Otu1673
Otu90,Bacteria,Bacteroidetes,Bacteroidetes_incertae_sedis,Marinifilum,Marinifilum,Marinifilum,Otu90
Otu2179,Bacteria,Bacteroidetes,Bacteroidia,Bacteroidales,Marinilabiliaceae,Carboxylicivirga,Otu2179
Otu1552,Bacteria,Bacteroidetes,Bacteroidia,Bacteroidales,Marinilabiliaceae,Saccharicrinis,Otu1552
Otu65,Bacteria,Bacteroidetes,Bacteroidia,Bacteroidales,Marinilabiliaceae,Saccharicrinis,Otu65
Otu741,Bacteria,Bacteroidetes,Bacteroidia,Bacteroidales,Marinilabiliaceae,Saccharicrinis,Otu741
Otu1082,Bacteria,Bacteroidetes,Bacteroidia,Bacteroidales,Prolixibacteraceae,Draconibacterium,Otu1082
Otu1360,Bacteria,Bacteroidetes,Bacteroidia,Bacteroidales,Prolixibacteraceae,Draconibacterium,Otu1360
Otu1439,Bacteria,Bacteroidetes,Bacteroidia,Bacteroidales,Prolixibacteraceae,Draconibacterium,Otu1439
Otu1596,Bacteria,Bacteroidetes,Bacteroidia,Bacteroidales,Prolixibacteraceae,Draconibacterium,Otu1596
Otu1941,Bacteria,Bacteroidetes,Bacteroidia,Bacteroidales,Prolixibacteraceae,Draconibacterium,Otu1941
Otu2148,Bacteria,Bacteroidetes,Bacteroidia,Bacteroidales,Prolixibacteraceae,Draconibacterium,Otu2148
Otu504,Bacteria,Bacteroidetes,Bacteroidia,Bacteroidales,Prolixibacteraceae,Draconibacterium,Otu504
Otu512,Bacteria,Bacteroidetes,Bacteroidia,Bacteroidales,Prolixibacteraceae,Draconibacterium,Otu512
Otu599,Bacteria,Bacteroidetes,Bacteroidia,Bacteroidales,Prolixibacteraceae,Draconibacterium,Otu599
Otu1253,Bacteria,Bacteroidetes,Bacteroidia,Bacteroidales,Prolixibacteraceae,Mariniphaga,Otu1253
Otu57,Bacteria,Bacteroidetes,Bacteroidia,Bacteroidales,Prolixibacteraceae,Mariniphaga,Otu57
Otu184,Bacteria,Bacteroidetes,Bacteroidia,Bacteroidales,Prolixibacteraceae,Prolixibacter,Otu184
Otu1967,Bacteria,Bacteroidetes,Bacteroidia,Bacteroidales,Prolixibacteraceae,Prolixibacter,Otu1967
Otu367,Bacteria,Bacteroidetes,Bacteroidia,Bacteroidales,Prolixibacteraceae,Prolixibacter,Otu367
Otu414,Bacteria,Bacteroidetes,Bacteroidia,Bacteroidales,Prolixibacteraceae,Prolixibacter,Otu414
Otu442,Bacteria,Bacteroidetes,Bacteroidia,Bacteroidales,Prolixibacteraceae,Prolixibacter,Otu442
Otu71,Bacteria,Bacteroidetes,Bacteroidia,Bacteroidales,Prolixibacteraceae,Prolixibacter,Otu71
Otu761,Bacteria,Bacteroidetes,Bacteroidia,Bacteroidales,Prolixibacteraceae,Prolixibacter,Otu761
Otu853,Bacteria,Bacteroidetes,Bacteroidia,Bacteroidales,Prolixibacteraceae,Prolixibacter,Otu853
Otu2172,Bacteria,Bacteroidetes,Bacteroidia,Bacteroidales,Prolixibacteraceae,Tangfeifania,Otu2172
Otu1904,Bacteria,Bacteroidetes,Cytophagia,Cytophagales,Catalimonadaceae,Catalinimonas,Otu1904
Otu1895,Bacteria,Bacteroidetes,Cytophagia,Cytophagales,Chryseolinea,Chryseolinea,Otu1895
Otu2033,Bacteria,Bacteroidetes,Cytophagia,Cytophagales,Chryseolinea,Chryseolinea,Otu2033
Otu628,Bacteria,Bacteroidetes,Cytophagia,Cytophagales,Chryseolinea,Chryseolinea,Otu628
Otu710,Bacteria,Bacteroidetes,Cytophagia,Cytophagales,Cyclobacteriaceae,Aquiflexum,Otu710
Otu1086,Bacteria,Bacteroidetes,Cytophagia,Cytophagales,Cyclobacteriaceae,Nitritalea,Otu1086
Otu1199,Bacteria,Bacteroidetes,Cytophagia,Cytophagales,Cyclobacteriaceae,Nitritalea,Otu1199
Otu1235,Bacteria,Bacteroidetes,Cytophagia,Cytophagales,Cyclobacteriaceae,Shivajiella,Otu1235
Otu1120,Bacteria,Bacteroidetes,Cytophagia,Cytophagales,Cytophagaceae,Adhaeribacter,Otu1120
Otu1179,Bacteria,Bacteroidetes,Cytophagia,Cytophagales,Cytophagaceae,Adhaeribacter,Otu1179
Otu2140,Bacteria,Bacteroidetes,Cytophagia,Cytophagales,Cytophagaceae,Adhaeribacter,Otu2140
Otu107,Bacteria,Bacteroidetes,Cytophagia,Cytophagales,Cytophagaceae,Ekhidna,Otu107
Otu1223,Bacteria,Bacteroidetes,Cytophagia,Cytophagales,Cytophagaceae,Ekhidna,Otu1223
Otu1437,Bacteria,Bacteroidetes,Cytophagia,Cytophagales,Cytophagaceae,Ekhidna,Otu1437
Otu1562,Bacteria,Bacteroidetes,Cytophagia,Cytophagales,Cytophagaceae,Ekhidna,Otu1562
Otu1633,Bacteria,Bacteroidetes,Cytophagia,Cytophagales,Cytophagaceae,Ekhidna,Otu1633
Otu1883,Bacteria,Bacteroidetes,Cytophagia,Cytophagales,Cytophagaceae,Ekhidna,Otu1883
Otu198,Bacteria,Bacteroidetes,Cytophagia,Cytophagales,Cytophagaceae,Ekhidna,Otu198
Otu67,Bacteria,Bacteroidetes,Cytophagia,Cytophagales,Cytophagaceae,Ekhidna,Otu67
Otu78,Bacteria,Bacteroidetes,Cytophagia,Cytophagales,Cytophagaceae,Ekhidna,Otu78
Otu849,Bacteria,Bacteroidetes,Cytophagia,Cytophagales,Cytophagaceae,Ekhidna,Otu849
Otu889,Bacteria,Bacteroidetes,Cytophagia,Cytophagales,Cytophagaceae,Ekhidna,Otu889
Otu729,Bacteria,Bacteroidetes,Cytophagia,Cytophagales,Cytophagaceae,Fluviimonas,Otu729
Otu2194,Bacteria,Bacteroidetes,Cytophagia,Cytophagales,Cytophagaceae,Hymenobacter,Otu2194
Otu1103,Bacteria,Bacteroidetes,Cytophagia,Cytophagales,Cytophagaceae,Microscilla,Otu1103
Otu789,Bacteria,Bacteroidetes,Cytophagia,Cytophagales,Cytophagaceae,Microscilla,Otu789
Otu1111,Bacteria,Bacteroidetes,Cytophagia,Cytophagales,Cytophagaceae,Nibribacter,Otu1111
Otu1200,Bacteria,Bacteroidetes,Cytophagia,Cytophagales,Cytophagaceae,Nibribacter,Otu1200
Otu39,Bacteria,Bacteroidetes,Cytophagia,Cytophagales,Cytophagaceae,Pseudarcicella,Otu39
Otu1579,Bacteria,Bacteroidetes,Cytophagia,Cytophagales,Cytophagaceae,Rhodonellum,Otu1579
Otu1009,Bacteria,Bacteroidetes,Cytophagia,Cytophagales,Cytophagaceae,Sporocytophaga,Otu1009
Otu1860,Bacteria,Bacteroidetes,Cytophagia,Cytophagales,Cytophagaceae,Sporocytophaga,Otu1860
Otu1242,Bacteria,Bacteroidetes,Cytophagia,Cytophagales,Flammeovirgaceae,Aureibacter,Otu1242
Otu1362,Bacteria,Bacteroidetes,Cytophagia,Cytophagales,Flammeovirgaceae,Aureibacter,Otu1362
Otu1995,Bacteria,Bacteroidetes,Cytophagia,Cytophagales,Flammeovirgaceae,Aureibacter,Otu1995
Otu508,Bacteria,Bacteroidetes,Cytophagia,Cytophagales,Flammeovirgaceae,Aureibacter,Otu508
Otu2220,Bacteria,Bacteroidetes,Cytophagia,Cytophagales,Flammeovirgaceae,Cesiribacter,Otu2220
Otu2242,Bacteria,Bacteroidetes,Cytophagia,Cytophagales,Flammeovirgaceae,Cesiribacter,Otu2242
Otu585,Bacteria,Bacteroidetes,Cytophagia,Cytophagales,Flammeovirgaceae,Cesiribacter,Otu585
Otu755,Bacteria,Bacteroidetes,Cytophagia,Cytophagales,Flammeovirgaceae,Cesiribacter,Otu755
Otu814,Bacteria,Bacteroidetes,Cytophagia,Cytophagales,Flammeovirgaceae,Cesiribacter,Otu814
Otu279,Bacteria,Bacteroidetes,Cytophagia,Cytophagales,Flammeovirgaceae,Fabibacter,Otu279
Otu419,Bacteria,Bacteroidetes,Cytophagia,Cytophagales,Flammeovirgaceae,Fabibacter,Otu419
Otu83,Bacteria,Bacteroidetes,Cytophagia,Cytophagales,Flammeovirgaceae,Fabibacter,Otu83
Otu978,Bacteria,Bacteroidetes,Cytophagia,Cytophagales,Flammeovirgaceae,Fabibacter,Otu978
Otu659,Bacteria,Bacteroidetes,Cytophagia,Cytophagales,Flammeovirgaceae,Flammeovirga,Otu659
Otu1957,Bacteria,Bacteroidetes,Cytophagia,Cytophagales,Flammeovirgaceae,Flexithrix,Otu1957
Otu2032,Bacteria,Bacteroidetes,Cytophagia,Cytophagales,Flammeovirgaceae,Flexithrix,Otu2032
Otu2146,Bacteria,Bacteroidetes,Cytophagia,Cytophagales,Flammeovirgaceae,Flexithrix,Otu2146
Otu1013,Bacteria,Bacteroidetes,Cytophagia,Cytophagales,Flammeovirgaceae,Fulvivirga,Otu1013
Otu1195,Bacteria,Bacteroidetes,Cytophagia,Cytophagales,Flammeovirgaceae,Fulvivirga,Otu1195
Otu1353,Bacteria,Bacteroidetes,Cytophagia,Cytophagales,Flammeovirgaceae,Fulvivirga,Otu1353
Otu165,Bacteria,Bacteroidetes,Cytophagia,Cytophagales,Flammeovirgaceae,Fulvivirga,Otu165
Otu1744,Bacteria,Bacteroidetes,Cytophagia,Cytophagales,Flammeovirgaceae,Fulvivirga,Otu1744
Otu1773,Bacteria,Bacteroidetes,Cytophagia,Cytophagales,Flammeovirgaceae,Fulvivirga,Otu1773
Otu209,Bacteria,Bacteroidetes,Cytophagia,Cytophagales,Flammeovirgaceae,Fulvivirga,Otu209
Otu2135,Bacteria,Bacteroidetes,Cytophagia,Cytophagales,Flammeovirgaceae,Fulvivirga,Otu2135
Otu291,Bacteria,Bacteroidetes,Cytophagia,Cytophagales,Flammeovirgaceae,Fulvivirga,Otu291
Otu313,Bacteria,Bacteroidetes,Cytophagia,Cytophagales,Flammeovirgaceae,Fulvivirga,Otu313
Otu444,Bacteria,Bacteroidetes,Cytophagia,Cytophagales,Flammeovirgaceae,Fulvivirga,Otu444
Otu604,Bacteria,Bacteroidetes,Cytophagia,Cytophagales,Flammeovirgaceae,Fulvivirga,Otu604
Otu620,Bacteria,Bacteroidetes,Cytophagia,Cytophagales,Flammeovirgaceae,Fulvivirga,Otu620
Otu666,Bacteria,Bacteroidetes,Cytophagia,Cytophagales,Flammeovirgaceae,Fulvivirga,Otu666
Otu1660,Bacteria,Bacteroidetes,Cytophagia,Cytophagales,Flammeovirgaceae,Imperialibacter,Otu1660
Otu523,Bacteria,Bacteroidetes,Cytophagia,Cytophagales,Flammeovirgaceae,Imperialibacter,Otu523
Otu805,Bacteria,Bacteroidetes,Cytophagia,Cytophagales,Flammeovirgaceae,Imperialibacter,Otu805
Otu1084,Bacteria,Bacteroidetes,Cytophagia,Cytophagales,Flammeovirgaceae,Marinoscillum,Otu1084
Otu192,Bacteria,Bacteroidetes,Cytophagia,Cytophagales,Flammeovirgaceae,Marinoscillum,Otu192
Otu1928,Bacteria,Bacteroidetes,Cytophagia,Cytophagales,Flammeovirgaceae,Marinoscillum,Otu1928
Otu434,Bacteria,Bacteroidetes,Cytophagia,Cytophagales,Flammeovirgaceae,Marinoscillum,Otu434
Otu617,Bacteria,Bacteroidetes,Cytophagia,Cytophagales,Flammeovirgaceae,Marinoscillum,Otu617
Otu905,Bacteria,Bacteroidetes,Cytophagia,Cytophagales,Flammeovirgaceae,Marinoscillum,Otu905
Otu2259,Bacteria,Bacteroidetes,Cytophagia,Cytophagales,Flammeovirgaceae,Marivirga,Otu2259
Otu1980,Bacteria,Bacteroidetes,Cytophagia,Cytophagales,Flammeovirgaceae,Nafulsella,Otu1980
Otu2048,Bacteria,Bacteroidetes,Cytophagia,Cytophagales,Flammeovirgaceae,Nafulsella,Otu2048
Otu1319,Bacteria,Bacteroidetes,Cytophagia,Cytophagales,Flammeovirgaceae,Rapidithrix,Otu1319
Otu1445,Bacteria,Bacteroidetes,Cytophagia,Cytophagales,Flammeovirgaceae,Rapidithrix,Otu1445
Otu1429,Bacteria,Bacteroidetes,Cytophagia,Cytophagales,Flammeovirgaceae,Reichenbachiella,Otu1429
Otu1456,Bacteria,Bacteroidetes,Cytophagia,Cytophagales,Flammeovirgaceae,Reichenbachiella,Otu1456
Otu148,Bacteria,Bacteroidetes,Cytophagia,Cytophagales,Flammeovirgaceae,Reichenbachiella,Otu148
Otu1630,Bacteria,Bacteroidetes,Cytophagia,Cytophagales,Flammeovirgaceae,Reichenbachiella,Otu1630
Otu1690,Bacteria,Bacteroidetes,Cytophagia,Cytophagales,Flammeovirgaceae,Reichenbachiella,Otu1690
Otu171,Bacteria,Bacteroidetes,Cytophagia,Cytophagales,Flammeovirgaceae,Reichenbachiella,Otu171
Otu1973,Bacteria,Bacteroidetes,Cytophagia,Cytophagales,Flammeovirgaceae,Reichenbachiella,Otu1973
Otu415,Bacteria,Bacteroidetes,Cytophagia,Cytophagales,Flammeovirgaceae,Reichenbachiella,Otu415
Otu427,Bacteria,Bacteroidetes,Cytophagia,Cytophagales,Flammeovirgaceae,Reichenbachiella,Otu427
Otu484,Bacteria,Bacteroidetes,Cytophagia,Cytophagales,Flammeovirgaceae,Reichenbachiella,Otu484
Otu503,Bacteria,Bacteroidetes,Cytophagia,Cytophagales,Flammeovirgaceae,Reichenbachiella,Otu503
Otu537,Bacteria,Bacteroidetes,Cytophagia,Cytophagales,Flammeovirgaceae,Reichenbachiella,Otu537
Otu549,Bacteria,Bacteroidetes,Cytophagia,Cytophagales,Flammeovirgaceae,Reichenbachiella,Otu549
Otu551,Bacteria,Bacteroidetes,Cytophagia,Cytophagales,Flammeovirgaceae,Reichenbachiella,Otu551
Otu75,Bacteria,Bacteroidetes,Cytophagia,Cytophagales,Flammeovirgaceae,Reichenbachiella,Otu75
Otu80,Bacteria,Bacteroidetes,Cytophagia,Cytophagales,Flammeovirgaceae,Reichenbachiella,Otu80
Otu851,Bacteria,Bacteroidetes,Cytophagia,Cytophagales,Flammeovirgaceae,Reichenbachiella,Otu851
Otu950,Bacteria,Bacteroidetes,Cytophagia,Cytophagales,Flammeovirgaceae,Reichenbachiella,Otu950
Otu1535,Bacteria,Bacteroidetes,Cytophagia,Cytophagales,Flammeovirgaceae,Roseivirga,Otu1535
Otu639,Bacteria,Bacteroidetes,Cytophagia,Cytophagales,Flammeovirgaceae,Roseivirga,Otu639
Otu1948,Bacteria,Bacteroidetes,Cytophagia,Cytophagales,Luteivirga,Luteivirga,Otu1948
Otu1044,Bacteria,Bacteroidetes,Cytophagia,Cytophagales,Mooreiaceae,Mooreia,Otu1044
Otu631,Bacteria,Bacteroidetes,Cytophagia,Cytophagales,Mooreiaceae,Mooreia,Otu631
Otu1049,Bacteria,Bacteroidetes,Flavobacteriia,Flavobacteriales,Cryomorphaceae,Brumimicrobium,Otu1049
Otu1922,Bacteria,Bacteroidetes,Flavobacteriia,Flavobacteriales,Cryomorphaceae,Brumimicrobium,Otu1922
Otu114,Bacteria,Bacteroidetes,Flavobacteriia,Flavobacteriales,Cryomorphaceae,Crocinitomix,Otu114
Otu1340,Bacteria,Bacteroidetes,Flavobacteriia,Flavobacteriales,Cryomorphaceae,Crocinitomix,Otu1340
Otu1450,Bacteria,Bacteroidetes,Flavobacteriia,Flavobacteriales,Cryomorphaceae,Crocinitomix,Otu1450
Otu1487,Bacteria,Bacteroidetes,Flavobacteriia,Flavobacteriales,Cryomorphaceae,Crocinitomix,Otu1487
Otu1923,Bacteria,Bacteroidetes,Flavobacteriia,Flavobacteriales,Cryomorphaceae,Crocinitomix,Otu1923
Otu338,Bacteria,Bacteroidetes,Flavobacteriia,Flavobacteriales,Cryomorphaceae,Crocinitomix,Otu338
Otu348,Bacteria,Bacteroidetes,Flavobacteriia,Flavobacteriales,Cryomorphaceae,Crocinitomix,Otu348
Otu622,Bacteria,Bacteroidetes,Flavobacteriia,Flavobacteriales,Cryomorphaceae,Crocinitomix,Otu622
Otu947,Bacteria,Bacteroidetes,Flavobacteriia,Flavobacteriales,Cryomorphaceae,Crocinitomix,Otu947
Otu976,Bacteria,Bacteroidetes,Flavobacteriia,Flavobacteriales,Cryomorphaceae,Crocinitomix,Otu976
Otu99,Bacteria,Bacteroidetes,Flavobacteriia,Flavobacteriales,Cryomorphaceae,Crocinitomix,Otu99
Otu271,Bacteria,Bacteroidetes,Flavobacteriia,Flavobacteriales,Cryomorphaceae,Cryomorpha,Otu271
Otu217,Bacteria,Bacteroidetes,Flavobacteriia,Flavobacteriales,Cryomorphaceae,Fluviicola,Otu217
Otu218,Bacteria,Bacteroidetes,Flavobacteriia,Flavobacteriales,Cryomorphaceae,Fluviicola,Otu218
Otu41,Bacteria,Bacteroidetes,Flavobacteriia,Flavobacteriales,Cryomorphaceae,Fluviicola,Otu41
Otu702,Bacteria,Bacteroidetes,Flavobacteriia,Flavobacteriales,Cryomorphaceae,Fluviicola,Otu702
Otu830,Bacteria,Bacteroidetes,Flavobacteriia,Flavobacteriales,Cryomorphaceae,Fluviicola,Otu830
Otu212,Bacteria,Bacteroidetes,Flavobacteriia,Flavobacteriales,Cryomorphaceae,Lishizhenia,Otu212
Otu328,Bacteria,Bacteroidetes,Flavobacteriia,Flavobacteriales,Cryomorphaceae,Lishizhenia,Otu328
Otu578,Bacteria,Bacteroidetes,Flavobacteriia,Flavobacteriales,Cryomorphaceae,Lishizhenia,Otu578
Otu862,Bacteria,Bacteroidetes,Flavobacteriia,Flavobacteriales,Cryomorphaceae,Lishizhenia,Otu862
Otu1753,Bacteria,Bacteroidetes,Flavobacteriia,Flavobacteriales,Cryomorphaceae,Luteibaculum,Otu1753
Otu2015,Bacteria,Bacteroidetes,Flavobacteriia,Flavobacteriales,Cryomorphaceae,Luteibaculum,Otu2015
Otu246,Bacteria,Bacteroidetes,Flavobacteriia,Flavobacteriales,Cryomorphaceae,Luteibaculum,Otu246
Otu356,Bacteria,Bacteroidetes,Flavobacteriia,Flavobacteriales,Cryomorphaceae,Luteibaculum,Otu356
Otu510,Bacteria,Bacteroidetes,Flavobacteriia,Flavobacteriales,Cryomorphaceae,Luteibaculum,Otu510
Otu656,Bacteria,Bacteroidetes,Flavobacteriia,Flavobacteriales,Cryomorphaceae,Luteibaculum,Otu656
Otu969,Bacteria,Bacteroidetes,Flavobacteriia,Flavobacteriales,Cryomorphaceae,Luteibaculum,Otu969
Otu1037,Bacteria,Bacteroidetes,Flavobacteriia,Flavobacteriales,Cryomorphaceae,Owenweeksia,Otu1037
Otu1071,Bacteria,Bacteroidetes,Flavobacteriia,Flavobacteriales,Cryomorphaceae,Owenweeksia,Otu1071
Otu11,Bacteria,Bacteroidetes,Flavobacteriia,Flavobacteriales,Cryomorphaceae,Owenweeksia,Otu11
Otu1132,Bacteria,Bacteroidetes,Flavobacteriia,Flavobacteriales,Cryomorphaceae,Owenweeksia,Otu1132
Otu1151,Bacteria,Bacteroidetes,Flavobacteriia,Flavobacteriales,Cryomorphaceae,Owenweeksia,Otu1151
Otu1169,Bacteria,Bacteroidetes,Flavobacteriia,Flavobacteriales,Cryomorphaceae,Owenweeksia,Otu1169
Otu1228,Bacteria,Bacteroidetes,Flavobacteriia,Flavobacteriales,Cryomorphaceae,Owenweeksia,Otu1228
Otu1313,Bacteria,Bacteroidetes,Flavobacteriia,Flavobacteriales,Cryomorphaceae,Owenweeksia,Otu1313
Otu1348,Bacteria,Bacteroidetes,Flavobacteriia,Flavobacteriales,Cryomorphaceae,Owenweeksia,Otu1348
Otu1351,Bacteria,Bacteroidetes,Flavobacteriia,Flavobacteriales,Cryomorphaceae,Owenweeksia,Otu1351
Otu1412,Bacteria,Bacteroidetes,Flavobacteriia,Flavobacteriales,Cryomorphaceae,Owenweeksia,Otu1412
Otu1448,Bacteria,Bacteroidetes,Flavobacteriia,Flavobacteriales,Cryomorphaceae,Owenweeksia,Otu1448
Otu153,Bacteria,Bacteroidetes,Flavobacteriia,Flavobacteriales,Cryomorphaceae,Owenweeksia,Otu153
Otu155,Bacteria,Bacteroidetes,Flavobacteriia,Flavobacteriales,Cryomorphaceae,Owenweeksia,Otu155
Otu1590,Bacteria,Bacteroidetes,Flavobacteriia,Flavobacteriales,Cryomorphaceae,Owenweeksia,Otu1590
Otu1626,Bacteria,Bacteroidetes,Flavobacteriia,Flavobacteriales,Cryomorphaceae,Owenweeksia,Otu1626
Otu1823,Bacteria,Bacteroidetes,Flavobacteriia,Flavobacteriales,Cryomorphaceae,Owenweeksia,Otu1823
Otu1855,Bacteria,Bacteroidetes,Flavobacteriia,Flavobacteriales,Cryomorphaceae,Owenweeksia,Otu1855
Otu1886,Bacteria,Bacteroidetes,Flavobacteriia,Flavobacteriales,Cryomorphaceae,Owenweeksia,Otu1886
Otu1926,Bacteria,Bacteroidetes,Flavobacteriia,Flavobacteriales,Cryomorphaceae,Owenweeksia,Otu1926
Otu1987,Bacteria,Bacteroidetes,Flavobacteriia,Flavobacteriales,Cryomorphaceae,Owenweeksia,Otu1987
Otu201,Bacteria,Bacteroidetes,Flavobacteriia,Flavobacteriales,Cryomorphaceae,Owenweeksia,Otu201
Otu2024,Bacteria,Bacteroidetes,Flavobacteriia,Flavobacteriales,Cryomorphaceae,Owenweeksia,Otu2024
Otu204,Bacteria,Bacteroidetes,Flavobacteriia,Flavobacteriales,Cryomorphaceae,Owenweeksia,Otu204
Otu2097,Bacteria,Bacteroidetes,Flavobacteriia,Flavobacteriales,Cryomorphaceae,Owenweeksia,Otu2097
Otu2120,Bacteria,Bacteroidetes,Flavobacteriia,Flavobacteriales,Cryomorphaceae,Owenweeksia,Otu2120
Otu2126,Bacteria,Bacteroidetes,Flavobacteriia,Flavobacteriales,Cryomorphaceae,Owenweeksia,Otu2126
Otu248,Bacteria,Bacteroidetes,Flavobacteriia,Flavobacteriales,Cryomorphaceae,Owenweeksia,Otu248
Otu297,Bacteria,Bacteroidetes,Flavobacteriia,Flavobacteriales,Cryomorphaceae,Owenweeksia,Otu297
Otu323,Bacteria,Bacteroidetes,Flavobacteriia,Flavobacteriales,Cryomorphaceae,Owenweeksia,Otu323
Otu400,Bacteria,Bacteroidetes,Flavobacteriia,Flavobacteriales,Cryomorphaceae,Owenweeksia,Otu400
Otu46,Bacteria,Bacteroidetes,Flavobacteriia,Flavobacteriales,Cryomorphaceae,Owenweeksia,Otu46
Otu467,Bacteria,Bacteroidetes,Flavobacteriia,Flavobacteriales,Cryomorphaceae,Owenweeksia,Otu467
Otu539,Bacteria,Bacteroidetes,Flavobacteriia,Flavobacteriales,Cryomorphaceae,Owenweeksia,Otu539
Otu543,Bacteria,Bacteroidetes,Flavobacteriia,Flavobacteriales,Cryomorphaceae,Owenweeksia,Otu543
Otu566,Bacteria,Bacteroidetes,Flavobacteriia,Flavobacteriales,Cryomorphaceae,Owenweeksia,Otu566
Otu572,Bacteria,Bacteroidetes,Flavobacteriia,Flavobacteriales,Cryomorphaceae,Owenweeksia,Otu572
Otu712,Bacteria,Bacteroidetes,Flavobacteriia,Flavobacteriales,Cryomorphaceae,Owenweeksia,Otu712
Otu780,Bacteria,Bacteroidetes,Flavobacteriia,Flavobacteriales,Cryomorphaceae,Owenweeksia,Otu780
Otu799,Bacteria,Bacteroidetes,Flavobacteriia,Flavobacteriales,Cryomorphaceae,Owenweeksia,Otu799
Otu804,Bacteria,Bacteroidetes,Flavobacteriia,Flavobacteriales,Cryomorphaceae,Owenweeksia,Otu804
Otu807,Bacteria,Bacteroidetes,Flavobacteriia,Flavobacteriales,Cryomorphaceae,Owenweeksia,Otu807
Otu920,Bacteria,Bacteroidetes,Flavobacteriia,Flavobacteriales,Cryomorphaceae,Owenweeksia,Otu920
Otu988,Bacteria,Bacteroidetes,Flavobacteriia,Flavobacteriales,Cryomorphaceae,Owenweeksia,Otu988
Otu1706,Bacteria,Bacteroidetes,Flavobacteriia,Flavobacteriales,Cryomorphaceae,Phaeocystidibacter,Otu1706
Otu18,Bacteria,Bacteroidetes,Flavobacteriia,Flavobacteriales,Cryomorphaceae,Phaeocystidibacter,Otu18
Otu239,Bacteria,Bacteroidetes,Flavobacteriia,Flavobacteriales,Cryomorphaceae,Phaeocystidibacter,Otu239
Otu247,Bacteria,Bacteroidetes,Flavobacteriia,Flavobacteriales,Cryomorphaceae,Phaeocystidibacter,Otu247
Otu485,Bacteria,Bacteroidetes,Flavobacteriia,Flavobacteriales,Cryomorphaceae,Phaeocystidibacter,Otu485
Otu588,Bacteria,Bacteroidetes,Flavobacteriia,Flavobacteriales,Cryomorphaceae,Phaeocystidibacter,Otu588
Otu128,Bacteria,Bacteroidetes,Flavobacteriia,Flavobacteriales,Cryomorphaceae,Salinirepens,Otu128
Otu1361,Bacteria,Bacteroidetes,Flavobacteriia,Flavobacteriales,Cryomorphaceae,Salinirepens,Otu1361
Otu1861,Bacteria,Bacteroidetes,Flavobacteriia,Flavobacteriales,Cryomorphaceae,Salinirepens,Otu1861
Otu2185,Bacteria,Bacteroidetes,Flavobacteriia,Flavobacteriales,Cryomorphaceae,Salinirepens,Otu2185
Otu439,Bacteria,Bacteroidetes,Flavobacteriia,Flavobacteriales,Cryomorphaceae,Salinirepens,Otu439
Otu583,Bacteria,Bacteroidetes,Flavobacteriia,Flavobacteriales,Cryomorphaceae,Salinirepens,Otu583
Otu609,Bacteria,Bacteroidetes,Flavobacteriia,Flavobacteriales,Cryomorphaceae,Salinirepens,Otu609
Otu655,Bacteria,Bacteroidetes,Flavobacteriia,Flavobacteriales,Cryomorphaceae,Salinirepens,Otu655
Otu809,Bacteria,Bacteroidetes,Flavobacteriia,Flavobacteriales,Cryomorphaceae,Salinirepens,Otu809
Otu856,Bacteria,Bacteroidetes,Flavobacteriia,Flavobacteriales,Cryomorphaceae,Salinirepens,Otu856
Otu1385,Bacteria,Bacteroidetes,Flavobacteriia,Flavobacteriales,Cryomorphaceae,Wandonia,Otu1385
Otu1446,Bacteria,Bacteroidetes,Flavobacteriia,Flavobacteriales,Cryomorphaceae,Wandonia,Otu1446
Otu158,Bacteria,Bacteroidetes,Flavobacteriia,Flavobacteriales,Cryomorphaceae,Wandonia,Otu158
Otu161,Bacteria,Bacteroidetes,Flavobacteriia,Flavobacteriales,Cryomorphaceae,Wandonia,Otu161
Otu162,Bacteria,Bacteroidetes,Flavobacteriia,Flavobacteriales,Cryomorphaceae,Wandonia,Otu162
Otu1645,Bacteria,Bacteroidetes,Flavobacteriia,Flavobacteriales,Cryomorphaceae,Wandonia,Otu1645
Otu1758,Bacteria,Bacteroidetes,Flavobacteriia,Flavobacteriales,Cryomorphaceae,Wandonia,Otu1758
Otu19,Bacteria,Bacteroidetes,Flavobacteriia,Flavobacteriales,Cryomorphaceae,Wandonia,Otu19
Otu206,Bacteria,Bacteroidetes,Flavobacteriia,Flavobacteriales,Cryomorphaceae,Wandonia,Otu206
Otu2073,Bacteria,Bacteroidetes,Flavobacteriia,Flavobacteriales,Cryomorphaceae,Wandonia,Otu2073
Otu2211,Bacteria,Bacteroidetes,Flavobacteriia,Flavobacteriales,Cryomorphaceae,Wandonia,Otu2211
Otu223,Bacteria,Bacteroidetes,Flavobacteriia,Flavobacteriales,Cryomorphaceae,Wandonia,Otu223
Otu2240,Bacteria,Bacteroidetes,Flavobacteriia,Flavobacteriales,Cryomorphaceae,Wandonia,Otu2240
Otu23,Bacteria,Bacteroidetes,Flavobacteriia,Flavobacteriales,Cryomorphaceae,Wandonia,Otu23
Otu267,Bacteria,Bacteroidetes,Flavobacteriia,Flavobacteriales,Cryomorphaceae,Wandonia,Otu267
Otu312,Bacteria,Bacteroidetes,Flavobacteriia,Flavobacteriales,Cryomorphaceae,Wandonia,Otu312
Otu342,Bacteria,Bacteroidetes,Flavobacteriia,Flavobacteriales,Cryomorphaceae,Wandonia,Otu342
Otu389,Bacteria,Bacteroidetes,Flavobacteriia,Flavobacteriales,Cryomorphaceae,Wandonia,Otu389
Otu395,Bacteria,Bacteroidetes,Flavobacteriia,Flavobacteriales,Cryomorphaceae,Wandonia,Otu395
Otu418,Bacteria,Bacteroidetes,Flavobacteriia,Flavobacteriales,Cryomorphaceae,Wandonia,Otu418
Otu45,Bacteria,Bacteroidetes,Flavobacteriia,Flavobacteriales,Cryomorphaceae,Wandonia,Otu45
Otu451,Bacteria,Bacteroidetes,Flavobacteriia,Flavobacteriales,Cryomorphaceae,Wandonia,Otu451
Otu514,Bacteria,Bacteroidetes,Flavobacteriia,Flavobacteriales,Cryomorphaceae,Wandonia,Otu514
Otu556,Bacteria,Bacteroidetes,Flavobacteriia,Flavobacteriales,Cryomorphaceae,Wandonia,Otu556
Otu558,Bacteria,Bacteroidetes,Flavobacteriia,Flavobacteriales,Cryomorphaceae,Wandonia,Otu558
Otu699,Bacteria,Bacteroidetes,Flavobacteriia,Flavobacteriales,Cryomorphaceae,Wandonia,Otu699
Otu70,Bacteria,Bacteroidetes,Flavobacteriia,Flavobacteriales,Cryomorphaceae,Wandonia,Otu70
Otu773,Bacteria,Bacteroidetes,Flavobacteriia,Flavobacteriales,Cryomorphaceae,Wandonia,Otu773
Otu820,Bacteria,Bacteroidetes,Flavobacteriia,Flavobacteriales,Cryomorphaceae,Wandonia,Otu820
Otu823,Bacteria,Bacteroidetes,Flavobacteriia,Flavobacteriales,Cryomorphaceae,Wandonia,Otu823
Otu834,Bacteria,Bacteroidetes,Flavobacteriia,Flavobacteriales,Cryomorphaceae,Wandonia,Otu834
Otu886,Bacteria,Bacteroidetes,Flavobacteriia,Flavobacteriales,Cryomorphaceae,Wandonia,Otu886
Otu960,Bacteria,Bacteroidetes,Flavobacteriia,Flavobacteriales,Cryomorphaceae,Wandonia,Otu960
Otu980,Bacteria,Bacteroidetes,Flavobacteriia,Flavobacteriales,Cryomorphaceae,Wandonia,Otu980
Otu984,Bacteria,Bacteroidetes,Flavobacteriia,Flavobacteriales,Cryomorphaceae,Wandonia,Otu984
Otu422,Bacteria,Bacteroidetes,Flavobacteriia,Flavobacteriales,Flavobacteriaceae,Actibacter,Otu422
Otu110,Bacteria,Bacteroidetes,Flavobacteriia,Flavobacteriales,Flavobacteriaceae,Aequorivita,Otu110
Otu1537,Bacteria,Bacteroidetes,Flavobacteriia,Flavobacteriales,Flavobacteriaceae,Aequorivita,Otu1537
Otu1072,Bacteria,Bacteroidetes,Flavobacteriia,Flavobacteriales,Flavobacteriaceae,Algibacter,Otu1072
Otu298,Bacteria,Bacteroidetes,Flavobacteriia,Flavobacteriales,Flavobacteriaceae,Algibacter,Otu298
Otu615,Bacteria,Bacteroidetes,Flavobacteriia,Flavobacteriales,Flavobacteriaceae,Algibacter,Otu615
Otu24,Bacteria,Bacteroidetes,Flavobacteriia,Flavobacteriales,Flavobacteriaceae,Aquibacter,Otu24
Otu337,Bacteria,Bacteroidetes,Flavobacteriia,Flavobacteriales,Flavobacteriaceae,Aquibacter,Otu337
Otu372,Bacteria,Bacteroidetes,Flavobacteriia,Flavobacteriales,Flavobacteriaceae,Aquimarina,Otu372
Otu613,Bacteria,Bacteroidetes,Flavobacteriia,Flavobacteriales,Flavobacteriaceae,Aquimarina,Otu613
Otu767,Bacteria,Bacteroidetes,Flavobacteriia,Flavobacteriales,Flavobacteriaceae,Aquimarina,Otu767
Otu795,Bacteria,Bacteroidetes,Flavobacteriia,Flavobacteriales,Flavobacteriaceae,Aquimarina,Otu795
Otu840,Bacteria,Bacteroidetes,Flavobacteriia,Flavobacteriales,Flavobacteriaceae,Aquimarina,Otu840
Otu1615,Bacteria,Bacteroidetes,Flavobacteriia,Flavobacteriales,Flavobacteriaceae,Arenibacter,Otu1615
Otu236,Bacteria,Bacteroidetes,Flavobacteriia,Flavobacteriales,Flavobacteriaceae,Aureitalea,Otu236
Otu567,Bacteria,Bacteroidetes,Flavobacteriia,Flavobacteriales,Flavobacteriaceae,Aureitalea,Otu567
Otu10,Bacteria,Bacteroidetes,Flavobacteriia,Flavobacteriales,Flavobacteriaceae,Cellulophaga,Otu10
Otu100,Bacteria,Bacteroidetes,Flavobacteriia,Flavobacteriales,Flavobacteriaceae,Cellulophaga,Otu100
Otu1271,Bacteria,Bacteroidetes,Flavobacteriia,Flavobacteriales,Flavobacteriaceae,Cellulophaga,Otu1271
Otu581,Bacteria,Bacteroidetes,Flavobacteriia,Flavobacteriales,Flavobacteriaceae,Cellulophaga,Otu581
Otu1520,Bacteria,Bacteroidetes,Flavobacteriia,Flavobacteriales,Flavobacteriaceae,Chishuiella,Otu1520
Otu2021,Bacteria,Bacteroidetes,Flavobacteriia,Flavobacteriales,Flavobacteriaceae,Chishuiella,Otu2021
Otu2046,Bacteria,Bacteroidetes,Flavobacteriia,Flavobacteriales,Flavobacteriaceae,Chishuiella,Otu2046
Otu2047,Bacteria,Bacteroidetes,Flavobacteriia,Flavobacteriales,Flavobacteriaceae,Chishuiella,Otu2047
Otu1359,Bacteria,Bacteroidetes,Flavobacteriia,Flavobacteriales,Flavobacteriaceae,Croceibacter,Otu1359
Otu469,Bacteria,Bacteroidetes,Flavobacteriia,Flavobacteriales,Flavobacteriaceae,Croceibacter,Otu469
Otu1371,Bacteria,Bacteroidetes,Flavobacteriia,Flavobacteriales,Flavobacteriaceae,Croceitalea,Otu1371
Otu133,Bacteria,Bacteroidetes,Flavobacteriia,Flavobacteriales,Flavobacteriaceae,Dokdonia,Otu133
Otu1740,Bacteria,Bacteroidetes,Flavobacteriia,Flavobacteriales,Flavobacteriaceae,Dokdonia,Otu1740
Otu1998,Bacteria,Bacteroidetes,Flavobacteriia,Flavobacteriales,Flavobacteriaceae,Dokdonia,Otu1998
Otu55,Bacteria,Bacteroidetes,Flavobacteriia,Flavobacteriales,Flavobacteriaceae,Dokdonia,Otu55
Otu875,Bacteria,Bacteroidetes,Flavobacteriia,Flavobacteriales,Flavobacteriaceae,Dokdonia,Otu875
Otu618,Bacteria,Bacteroidetes,Flavobacteriia,Flavobacteriales,Flavobacteriaceae,Eudoraea,Otu618
Otu441,Bacteria,Bacteroidetes,Flavobacteriia,Flavobacteriales,Flavobacteriaceae,Flagellimonas,Otu441
Otu174,Bacteria,Bacteroidetes,Flavobacteriia,Flavobacteriales,Flavobacteriaceae,Flavicella,Otu174
Otu377,Bacteria,Bacteroidetes,Flavobacteriia,Flavobacteriales,Flavobacteriaceae,Flavimarina,Otu377
Otu109,Bacteria,Bacteroidetes,Flavobacteriia,Flavobacteriales,Flavobacteriaceae,Flavirhabdus,Otu109
Otu1273,Bacteria,Bacteroidetes,Flavobacteriia,Flavobacteriales,Flavobacteriaceae,Flavirhabdus,Otu1273
Otu173,Bacteria,Bacteroidetes,Flavobacteriia,Flavobacteriales,Flavobacteriaceae,Flavirhabdus,Otu173
Otu194,Bacteria,Bacteroidetes,Flavobacteriia,Flavobacteriales,Flavobacteriaceae,Flavirhabdus,Otu194
Otu62,Bacteria,Bacteroidetes,Flavobacteriia,Flavobacteriales,Flavobacteriaceae,Flavirhabdus,Otu62
Otu130,Bacteria,Bacteroidetes,Flavobacteriia,Flavobacteriales,Flavobacteriaceae,Flavivirga,Otu130
Otu1208,Bacteria,Bacteroidetes,Flavobacteriia,Flavobacteriales,Flavobacteriaceae,Flavobacterium,Otu1208
Otu584,Bacteria,Bacteroidetes,Flavobacteriia,Flavobacteriales,Flavobacteriaceae,Flavobacterium,Otu584
Otu44,Bacteria,Bacteroidetes,Flavobacteriia,Flavobacteriales,Flavobacteriaceae,Formosa,Otu44
Otu569,Bacteria,Bacteroidetes,Flavobacteriia,Flavobacteriales,Flavobacteriaceae,Fulvibacter,Otu569
Otu1275,Bacteria,Bacteroidetes,Flavobacteriia,Flavobacteriales,Flavobacteriaceae,Gaetbulimicrobium,Otu1275
Otu1367,Bacteria,Bacteroidetes,Flavobacteriia,Flavobacteriales,Flavobacteriaceae,Galbibacter,Otu1367
Otu146,Bacteria,Bacteroidetes,Flavobacteriia,Flavobacteriales,Flavobacteriaceae,Gilvibacter,Otu146
Otu690,Bacteria,Bacteroidetes,Flavobacteriia,Flavobacteriales,Flavobacteriaceae,Gilvibacter,Otu690
Otu637,Bacteria,Bacteroidetes,Flavobacteriia,Flavobacteriales,Flavobacteriaceae,Gramella,Otu637
Otu1422,Bacteria,Bacteroidetes,Flavobacteriia,Flavobacteriales,Flavobacteriaceae,Hanstruepera,Otu1422
Otu285,Bacteria,Bacteroidetes,Flavobacteriia,Flavobacteriales,Flavobacteriaceae,Hyunsoonleella,Otu285
Otu426,Bacteria,Bacteroidetes,Flavobacteriia,Flavobacteriales,Flavobacteriaceae,Jejudonia,Otu426
Otu103,Bacteria,Bacteroidetes,Flavobacteriia,Flavobacteriales,Flavobacteriaceae,Joostella,Otu103
Otu1114,Bacteria,Bacteroidetes,Flavobacteriia,Flavobacteriales,Flavobacteriaceae,Kordia,Otu1114
Otu670,Bacteria,Bacteroidetes,Flavobacteriia,Flavobacteriales,Flavobacteriaceae,Kordia,Otu670
Otu1222,Bacteria,Bacteroidetes,Flavobacteriia,Flavobacteriales,Flavobacteriaceae,Lacinutrix,Otu1222
Otu315,Bacteria,Bacteroidetes,Flavobacteriia,Flavobacteriales,Flavobacteriaceae,Lacinutrix,Otu315
Otu1666,Bacteria,Bacteroidetes,Flavobacteriia,Flavobacteriales,Flavobacteriaceae,Leptobacterium,Otu1666
Otu214,Bacteria,Bacteroidetes,Flavobacteriia,Flavobacteriales,Flavobacteriaceae,Leptobacterium,Otu214
Otu401,Bacteria,Bacteroidetes,Flavobacteriia,Flavobacteriales,Flavobacteriaceae,Leptobacterium,Otu401
Otu606,Bacteria,Bacteroidetes,Flavobacteriia,Flavobacteriales,Flavobacteriaceae,Leptobacterium,Otu606
Otu642,Bacteria,Bacteroidetes,Flavobacteriia,Flavobacteriales,Flavobacteriaceae,Leptobacterium,Otu642
Otu1051,Bacteria,Bacteroidetes,Flavobacteriia,Flavobacteriales,Flavobacteriaceae,Lutaonella,Otu1051
Otu121,Bacteria,Bacteroidetes,Flavobacteriia,Flavobacteriales,Flavobacteriaceae,Lutibacter,Otu121
Otu709,Bacteria,Bacteroidetes,Flavobacteriia,Flavobacteriales,Flavobacteriaceae,Lutibacter,Otu709
Otu1589,Bacteria,Bacteroidetes,Flavobacteriia,Flavobacteriales,Flavobacteriaceae,Lutimonas,Otu1589
Otu1260,Bacteria,Bacteroidetes,Flavobacteriia,Flavobacteriales,Flavobacteriaceae,Maribacter,Otu1260
Otu1776,Bacteria,Bacteroidetes,Flavobacteriia,Flavobacteriales,Flavobacteriaceae,Maribacter,Otu1776
Otu25,Bacteria,Bacteroidetes,Flavobacteriia,Flavobacteriales,Flavobacteriaceae,Maribacter,Otu25
Otu1178,Bacteria,Bacteroidetes,Flavobacteriia,Flavobacteriales,Flavobacteriaceae,Maritimimonas,Otu1178
Otu47,Bacteria,Bacteroidetes,Flavobacteriia,Flavobacteriales,Flavobacteriaceae,Maritimimonas,Otu47
Otu759,Bacteria,Bacteroidetes,Flavobacteriia,Flavobacteriales,Flavobacteriaceae,Maritimimonas,Otu759
Otu86,Bacteria,Bacteroidetes,Flavobacteriia,Flavobacteriales,Flavobacteriaceae,Maritimimonas,Otu86
Otu1048,Bacteria,Bacteroidetes,Flavobacteriia,Flavobacteriales,Flavobacteriaceae,Marixanthomonas,Otu1048
Otu491,Bacteria,Bacteroidetes,Flavobacteriia,Flavobacteriales,Flavobacteriaceae,Marixanthomonas,Otu491
Otu147,Bacteria,Bacteroidetes,Flavobacteriia,Flavobacteriales,Flavobacteriaceae,Meridianimaribacter,Otu147
Otu1832,Bacteria,Bacteroidetes,Flavobacteriia,Flavobacteriales,Flavobacteriaceae,Meridianimaribacter,Otu1832
Otu1146,Bacteria,Bacteroidetes,Flavobacteriia,Flavobacteriales,Flavobacteriaceae,Moheibacter,Otu1146
Otu51,Bacteria,Bacteroidetes,Flavobacteriia,Flavobacteriales,Flavobacteriaceae,Muricauda,Otu51
Otu1339,Bacteria,Bacteroidetes,Flavobacteriia,Flavobacteriales,Flavobacteriaceae,Muriicola,Otu1339
Otu1585,Bacteria,Bacteroidetes,Flavobacteriia,Flavobacteriales,Flavobacteriaceae,Muriicola,Otu1585
Otu638,Bacteria,Bacteroidetes,Flavobacteriia,Flavobacteriales,Flavobacteriaceae,Muriicola,Otu638
Otu1158,Bacteria,Bacteroidetes,Flavobacteriia,Flavobacteriales,Flavobacteriaceae,Namhaeicola,Otu1158
Otu527,Bacteria,Bacteroidetes,Flavobacteriia,Flavobacteriales,Flavobacteriaceae,Namhaeicola,Otu527
Otu29,Bacteria,Bacteroidetes,Flavobacteriia,Flavobacteriales,Flavobacteriaceae,Nonlabens,Otu29
Otu954,Bacteria,Bacteroidetes,Flavobacteriia,Flavobacteriales,Flavobacteriaceae,Nonlabens,Otu954
Otu1311,Bacteria,Bacteroidetes,Flavobacteriia,Flavobacteriales,Flavobacteriaceae,Olleya,Otu1311
Otu1415,Bacteria,Bacteroidetes,Flavobacteriia,Flavobacteriales,Flavobacteriaceae,Polaribacter,Otu1415
Otu1716,Bacteria,Bacteroidetes,Flavobacteriia,Flavobacteriales,Flavobacteriaceae,Polaribacter,Otu1716
Otu1939,Bacteria,Bacteroidetes,Flavobacteriia,Flavobacteriales,Flavobacteriaceae,Polaribacter,Otu1939
Otu2184,Bacteria,Bacteroidetes,Flavobacteriia,Flavobacteriales,Flavobacteriaceae,Polaribacter,Otu2184
Otu2195,Bacteria,Bacteroidetes,Flavobacteriia,Flavobacteriales,Flavobacteriaceae,Polaribacter,Otu2195
Otu2234,Bacteria,Bacteroidetes,Flavobacteriia,Flavobacteriales,Flavobacteriaceae,Polaribacter,Otu2234
Otu295,Bacteria,Bacteroidetes,Flavobacteriia,Flavobacteriales,Flavobacteriaceae,Polaribacter,Otu295
Otu877,Bacteria,Bacteroidetes,Flavobacteriia,Flavobacteriales,Flavobacteriaceae,Polaribacter,Otu877
Otu2065,Bacteria,Bacteroidetes,Flavobacteriia,Flavobacteriales,Flavobacteriaceae,Pseudofulvibacter,Otu2065
Otu237,Bacteria,Bacteroidetes,Flavobacteriia,Flavobacteriales,Flavobacteriaceae,Pseudofulvibacter,Otu237
Otu264,Bacteria,Bacteroidetes,Flavobacteriia,Flavobacteriales,Flavobacteriaceae,Pseudofulvibacter,Otu264
Otu2250,Bacteria,Bacteroidetes,Flavobacteriia,Flavobacteriales,Flavobacteriaceae,Psychroflexus,Otu2250
Otu351,Bacteria,Bacteroidetes,Flavobacteriia,Flavobacteriales,Flavobacteriaceae,Robiginitalea,Otu351
Otu40,Bacteria,Bacteroidetes,Flavobacteriia,Flavobacteriales,Flavobacteriaceae,Seonamhaeicola,Otu40
Otu1262,Bacteria,Bacteroidetes,Flavobacteriia,Flavobacteriales,Flavobacteriaceae,Siansivirga,Otu1262
Otu1003,Bacteria,Bacteroidetes,Flavobacteriia,Flavobacteriales,Flavobacteriaceae,Soonwooa,Otu1003
Otu293,Bacteria,Bacteroidetes,Flavobacteriia,Flavobacteriales,Flavobacteriaceae,Soonwooa,Otu293
Otu858,Bacteria,Bacteroidetes,Flavobacteriia,Flavobacteriales,Flavobacteriaceae,Soonwooa,Otu858
Otu776,Bacteria,Bacteroidetes,Flavobacteriia,Flavobacteriales,Flavobacteriaceae,Spongiibacterium,Otu776
Otu1381,Bacteria,Bacteroidetes,Flavobacteriia,Flavobacteriales,Flavobacteriaceae,Spongiimonas,Otu1381
Otu1473,Bacteria,Bacteroidetes,Flavobacteriia,Flavobacteriales,Flavobacteriaceae,Spongiimonas,Otu1473
Otu1574,Bacteria,Bacteroidetes,Flavobacteriia,Flavobacteriales,Flavobacteriaceae,Spongiimonas,Otu1574
Otu1849,Bacteria,Bacteroidetes,Flavobacteriia,Flavobacteriales,Flavobacteriaceae,Spongiimonas,Otu1849
Otu2168,Bacteria,Bacteroidetes,Flavobacteriia,Flavobacteriales,Flavobacteriaceae,Spongiimonas,Otu2168
Otu222,Bacteria,Bacteroidetes,Flavobacteriia,Flavobacteriales,Flavobacteriaceae,Spongiimonas,Otu222
Otu27,Bacteria,Bacteroidetes,Flavobacteriia,Flavobacteriales,Flavobacteriaceae,Spongiimonas,Otu27
Otu750,Bacteria,Bacteroidetes,Flavobacteriia,Flavobacteriales,Flavobacteriaceae,Spongiimonas,Otu750
Otu82,Bacteria,Bacteroidetes,Flavobacteriia,Flavobacteriales,Flavobacteriaceae,Spongiimonas,Otu82
Otu892,Bacteria,Bacteroidetes,Flavobacteriia,Flavobacteriales,Flavobacteriaceae,Spongiimonas,Otu892
Otu921,Bacteria,Bacteroidetes,Flavobacteriia,Flavobacteriales,Flavobacteriaceae,Spongiimonas,Otu921
Otu1124,Bacteria,Bacteroidetes,Flavobacteriia,Flavobacteriales,Flavobacteriaceae,Spongiivirga,Otu1124
Otu1703,Bacteria,Bacteroidetes,Flavobacteriia,Flavobacteriales,Flavobacteriaceae,Spongiivirga,Otu1703
Otu288,Bacteria,Bacteroidetes,Flavobacteriia,Flavobacteriales,Flavobacteriaceae,Spongiivirga,Otu288
Otu564,Bacteria,Bacteroidetes,Flavobacteriia,Flavobacteriales,Flavobacteriaceae,Tamlana,Otu564
Otu722,Bacteria,Bacteroidetes,Flavobacteriia,Flavobacteriales,Flavobacteriaceae,Tamlana,Otu722
Otu1126,Bacteria,Bacteroidetes,Flavobacteriia,Flavobacteriales,Flavobacteriaceae,Tenacibaculum,Otu1126
Otu1154,Bacteria,Bacteroidetes,Flavobacteriia,Flavobacteriales,Flavobacteriaceae,Tenacibaculum,Otu1154
Otu124,Bacteria,Bacteroidetes,Flavobacteriia,Flavobacteriales,Flavobacteriaceae,Tenacibaculum,Otu124
Otu1326,Bacteria,Bacteroidetes,Flavobacteriia,Flavobacteriales,Flavobacteriaceae,Tenacibaculum,Otu1326
Otu134,Bacteria,Bacteroidetes,Flavobacteriia,Flavobacteriales,Flavobacteriaceae,Tenacibaculum,Otu134
Otu1406,Bacteria,Bacteroidetes,Flavobacteriia,Flavobacteriales,Flavobacteriaceae,Tenacibaculum,Otu1406
Otu1662,Bacteria,Bacteroidetes,Flavobacteriia,Flavobacteriales,Flavobacteriaceae,Tenacibaculum,Otu1662
Otu2,Bacteria,Bacteroidetes,Flavobacteriia,Flavobacteriales,Flavobacteriaceae,Tenacibaculum,Otu2
Otu319,Bacteria,Bacteroidetes,Flavobacteriia,Flavobacteriales,Flavobacteriaceae,Tenacibaculum,Otu319
Otu42,Bacteria,Bacteroidetes,Flavobacteriia,Flavobacteriales,Flavobacteriaceae,Tenacibaculum,Otu42
Otu435,Bacteria,Bacteroidetes,Flavobacteriia,Flavobacteriales,Flavobacteriaceae,Tenacibaculum,Otu435
Otu145,Bacteria,Bacteroidetes,Flavobacteriia,Flavobacteriales,Flavobacteriaceae,Ulvibacter,Otu145
Otu167,Bacteria,Bacteroidetes,Flavobacteriia,Flavobacteriales,Flavobacteriaceae,Ulvibacter,Otu167
Otu1950,Bacteria,Bacteroidetes,Flavobacteriia,Flavobacteriales,Flavobacteriaceae,Ulvibacter,Otu1950
Otu2217,Bacteria,Bacteroidetes,Flavobacteriia,Flavobacteriales,Flavobacteriaceae,Ulvibacter,Otu2217
Otu423,Bacteria,Bacteroidetes,Flavobacteriia,Flavobacteriales,Flavobacteriaceae,Ulvibacter,Otu423
Otu874,Bacteria,Bacteroidetes,Flavobacteriia,Flavobacteriales,Flavobacteriaceae,Ulvibacter,Otu874
Otu106,Bacteria,Bacteroidetes,Flavobacteriia,Flavobacteriales,Flavobacteriaceae,Wenyingzhuangia,Otu106
Otu1436,Bacteria,Bacteroidetes,Flavobacteriia,Flavobacteriales,Flavobacteriaceae,Wenyingzhuangia,Otu1436
Otu2233,Bacteria,Bacteroidetes,Flavobacteriia,Flavobacteriales,Flavobacteriaceae,Wenyingzhuangia,Otu2233
Otu1050,Bacteria,Bacteroidetes,Flavobacteriia,Flavobacteriales,Flavobacteriaceae,Winogradskyella,Otu1050
Otu17,Bacteria,Bacteroidetes,Flavobacteriia,Flavobacteriales,Flavobacteriaceae,Winogradskyella,Otu17
Otu747,Bacteria,Bacteroidetes,Flavobacteriia,Flavobacteriales,Flavobacteriaceae,Winogradskyella,Otu747
Otu538,Bacteria,Bacteroidetes,Flavobacteriia,Flavobacteriales,Flavobacteriaceae,Yeosuana,Otu538
Otu34,Bacteria,Bacteroidetes,Flavobacteriia,Flavobacteriales,Flavobacteriaceae,Zeaxanthinibacter,Otu34
Otu1697,Bacteria,Bacteroidetes,Sphingobacteriia,Sphingobacteriales,Chitinophagaceae,Asinibacterium,Otu1697
Otu2119,Bacteria,Bacteroidetes,Sphingobacteriia,Sphingobacteriales,Chitinophagaceae,Asinibacterium,Otu2119
Otu2193,Bacteria,Bacteroidetes,Sphingobacteriia,Sphingobacteriales,Chitinophagaceae,Balneola,Otu2193
Otu445,Bacteria,Bacteroidetes,Sphingobacteriia,Sphingobacteriales,Chitinophagaceae,Balneola,Otu445
Otu647,Bacteria,Bacteroidetes,Sphingobacteriia,Sphingobacteriales,Chitinophagaceae,Balneola,Otu647
Otu95,Bacteria,Bacteroidetes,Sphingobacteriia,Sphingobacteriales,Chitinophagaceae,Balneola,Otu95
Otu1871,Bacteria,Bacteroidetes,Sphingobacteriia,Sphingobacteriales,Chitinophagaceae,Chitinophaga,Otu1871
Otu2225,Bacteria,Bacteroidetes,Sphingobacteriia,Sphingobacteriales,Chitinophagaceae,Cnuella,Otu2225
Otu513,Bacteria,Bacteroidetes,Sphingobacteriia,Sphingobacteriales,Chitinophagaceae,Cnuella,Otu513
Otu301,Bacteria,Bacteroidetes,Sphingobacteriia,Sphingobacteriales,Chitinophagaceae,Ferruginibacter,Otu301
Otu480,Bacteria,Bacteroidetes,Sphingobacteriia,Sphingobacteriales,Chitinophagaceae,Ferruginibacter,Otu480
Otu1892,Bacteria,Bacteroidetes,Sphingobacteriia,Sphingobacteriales,Chitinophagaceae,Filimonas,Otu1892
Otu612,Bacteria,Bacteroidetes,Sphingobacteriia,Sphingobacteriales,Chitinophagaceae,Gracilimonas,Otu612
Otu682,Bacteria,Bacteroidetes,Sphingobacteriia,Sphingobacteriales,Chitinophagaceae,Gracilimonas,Otu682
Otu785,Bacteria,Bacteroidetes,Sphingobacteriia,Sphingobacteriales,Chitinophagaceae,Gracilimonas,Otu785
Otu1036,Bacteria,Bacteroidetes,Sphingobacteriia,Sphingobacteriales,Chitinophagaceae,Hydrobacter,Otu1036
Otu1187,Bacteria,Bacteroidetes,Sphingobacteriia,Sphingobacteriales,Chitinophagaceae,Hydrobacter,Otu1187
Otu2175,Bacteria,Bacteroidetes,Sphingobacteriia,Sphingobacteriales,Chitinophagaceae,Hydrobacter,Otu2175
Otu1777,Bacteria,Bacteroidetes,Sphingobacteriia,Sphingobacteriales,Chitinophagaceae,Hydrotalea,Otu1777
Otu2054,Bacteria,Bacteroidetes,Sphingobacteriia,Sphingobacteriales,Chitinophagaceae,Hydrotalea,Otu2054
Otu1605,Bacteria,Bacteroidetes,Sphingobacteriia,Sphingobacteriales,Chitinophagaceae,Parafilimonas,Otu1605
Otu1764,Bacteria,Bacteroidetes,Sphingobacteriia,Sphingobacteriales,Chitinophagaceae,Parafilimonas,Otu1764
Otu1482,Bacteria,Bacteroidetes,Sphingobacteriia,Sphingobacteriales,Chitinophagaceae,Taibaiella,Otu1482
Otu982,Bacteria,Bacteroidetes,Sphingobacteriia,Sphingobacteriales,Chitinophagaceae,Taibaiella,Otu982
Otu494,Bacteria,Bacteroidetes,Sphingobacteriia,Sphingobacteriales,Chitinophagaceae,Terrimonas,Otu494
Otu1194,Bacteria,Bacteroidetes,Sphingobacteriia,Sphingobacteriales,Chitinophagaceae,Thermoflavifilum,Otu1194
Otu808,Bacteria,Bacteroidetes,Sphingobacteriia,Sphingobacteriales,Rhodothermaceae,Rubricoccus,Otu808
Otu1269,Bacteria,Bacteroidetes,Sphingobacteriia,Sphingobacteriales,Rhodothermaceae,Rubrivirga,Otu1269
Otu1497,Bacteria,Bacteroidetes,Sphingobacteriia,Sphingobacteriales,Rhodothermaceae,Rubrivirga,Otu1497
Otu373,Bacteria,Bacteroidetes,Sphingobacteriia,Sphingobacteriales,Rhodothermaceae,Rubrivirga,Otu373
Otu758,Bacteria,Bacteroidetes,Sphingobacteriia,Sphingobacteriales,Rhodothermaceae,Salinibacter,Otu758
Otu2251,Bacteria,Bacteroidetes,Sphingobacteriia,Sphingobacteriales,Rhodothermaceae,Salisaeta,Otu2251
Otu937,Bacteria,Bacteroidetes,Sphingobacteriia,Sphingobacteriales,Rhodothermaceae,Salisaeta,Otu937
Otu1191,Bacteria,Bacteroidetes,Sphingobacteriia,Sphingobacteriales,Saprospiraceae,Haliscomenobacter,Otu1191
Otu1704,Bacteria,Bacteroidetes,Sphingobacteriia,Sphingobacteriales,Saprospiraceae,Haliscomenobacter,Otu1704
Otu1848,Bacteria,Bacteroidetes,Sphingobacteriia,Sphingobacteriales,Saprospiraceae,Haliscomenobacter,Otu1848
Otu2199,Bacteria,Bacteroidetes,Sphingobacteriia,Sphingobacteriales,Saprospiraceae,Haliscomenobacter,Otu2199
Otu521,Bacteria,Bacteroidetes,Sphingobacteriia,Sphingobacteriales,Saprospiraceae,Haliscomenobacter,Otu521
Otu863,Bacteria,Bacteroidetes,Sphingobacteriia,Sphingobacteriales,Saprospiraceae,Haliscomenobacter,Otu863
Otu1008,Bacteria,Bacteroidetes,Sphingobacteriia,Sphingobacteriales,Saprospiraceae,Lewinella,Otu1008
Otu1018,Bacteria,Bacteroidetes,Sphingobacteriia,Sphingobacteriales,Saprospiraceae,Lewinella,Otu1018
Otu1027,Bacteria,Bacteroidetes,Sphingobacteriia,Sphingobacteriales,Saprospiraceae,Lewinella,Otu1027
Otu1057,Bacteria,Bacteroidetes,Sphingobacteriia,Sphingobacteriales,Saprospiraceae,Lewinella,Otu1057
Otu1077,Bacteria,Bacteroidetes,Sphingobacteriia,Sphingobacteriales,Saprospiraceae,Lewinella,Otu1077
Otu1079,Bacteria,Bacteroidetes,Sphingobacteriia,Sphingobacteriales,Saprospiraceae,Lewinella,Otu1079
Otu1164,Bacteria,Bacteroidetes,Sphingobacteriia,Sphingobacteriales,Saprospiraceae,Lewinella,Otu1164
Otu1165,Bacteria,Bacteroidetes,Sphingobacteriia,Sphingobacteriales,Saprospiraceae,Lewinella,Otu1165
Otu140,Bacteria,Bacteroidetes,Sphingobacteriia,Sphingobacteriales,Saprospiraceae,Lewinella,Otu140
Otu1408,Bacteria,Bacteroidetes,Sphingobacteriia,Sphingobacteriales,Saprospiraceae,Lewinella,Otu1408
Otu1575,Bacteria,Bacteroidetes,Sphingobacteriia,Sphingobacteriales,Saprospiraceae,Lewinella,Otu1575
Otu1608,Bacteria,Bacteroidetes,Sphingobacteriia,Sphingobacteriales,Saprospiraceae,Lewinella,Otu1608
Otu1628,Bacteria,Bacteroidetes,Sphingobacteriia,Sphingobacteriales,Saprospiraceae,Lewinella,Otu1628
Otu1631,Bacteria,Bacteroidetes,Sphingobacteriia,Sphingobacteriales,Saprospiraceae,Lewinella,Otu1631
Otu1713,Bacteria,Bacteroidetes,Sphingobacteriia,Sphingobacteriales,Saprospiraceae,Lewinella,Otu1713
Otu1748,Bacteria,Bacteroidetes,Sphingobacteriia,Sphingobacteriales,Saprospiraceae,Lewinella,Otu1748
Otu1756,Bacteria,Bacteroidetes,Sphingobacteriia,Sphingobacteriales,Saprospiraceae,Lewinella,Otu1756
Otu1767,Bacteria,Bacteroidetes,Sphingobacteriia,Sphingobacteriales,Saprospiraceae,Lewinella,Otu1767
Otu1801,Bacteria,Bacteroidetes,Sphingobacteriia,Sphingobacteriales,Saprospiraceae,Lewinella,Otu1801
Otu2045,Bacteria,Bacteroidetes,Sphingobacteriia,Sphingobacteriales,Saprospiraceae,Lewinella,Otu2045
Otu2067,Bacteria,Bacteroidetes,Sphingobacteriia,Sphingobacteriales,Saprospiraceae,Lewinella,Otu2067
Otu2127,Bacteria,Bacteroidetes,Sphingobacteriia,Sphingobacteriales,Saprospiraceae,Lewinella,Otu2127
Otu2165,Bacteria,Bacteroidetes,Sphingobacteriia,Sphingobacteriales,Saprospiraceae,Lewinella,Otu2165
Otu268,Bacteria,Bacteroidetes,Sphingobacteriia,Sphingobacteriales,Saprospiraceae,Lewinella,Otu268
Otu28,Bacteria,Bacteroidetes,Sphingobacteriia,Sphingobacteriales,Saprospiraceae,Lewinella,Otu28
Otu453,Bacteria,Bacteroidetes,Sphingobacteriia,Sphingobacteriales,Saprospiraceae,Lewinella,Otu453
Otu590,Bacteria,Bacteroidetes,Sphingobacteriia,Sphingobacteriales,Saprospiraceae,Lewinella,Otu590
Otu598,Bacteria,Bacteroidetes,Sphingobacteriia,Sphingobacteriales,Saprospiraceae,Lewinella,Otu598
Otu600,Bacteria,Bacteroidetes,Sphingobacteriia,Sphingobacteriales,Saprospiraceae,Lewinella,Otu600
Otu626,Bacteria,Bacteroidetes,Sphingobacteriia,Sphingobacteriales,Saprospiraceae,Lewinella,Otu626
Otu667,Bacteria,Bacteroidetes,Sphingobacteriia,Sphingobacteriales,Saprospiraceae,Lewinella,Otu667
Otu672,Bacteria,Bacteroidetes,Sphingobacteriia,Sphingobacteriales,Saprospiraceae,Lewinella,Otu672
Otu719,Bacteria,Bacteroidetes,Sphingobacteriia,Sphingobacteriales,Saprospiraceae,Lewinella,Otu719
Otu730,Bacteria,Bacteroidetes,Sphingobacteriia,Sphingobacteriales,Saprospiraceae,Lewinella,Otu730
Otu745,Bacteria,Bacteroidetes,Sphingobacteriia,Sphingobacteriales,Saprospiraceae,Lewinella,Otu745
Otu76,Bacteria,Bacteroidetes,Sphingobacteriia,Sphingobacteriales,Saprospiraceae,Lewinella,Otu76
Otu792,Bacteria,Bacteroidetes,Sphingobacteriia,Sphingobacteriales,Saprospiraceae,Lewinella,Otu792
Otu793,Bacteria,Bacteroidetes,Sphingobacteriia,Sphingobacteriales,Saprospiraceae,Lewinella,Otu793
Otu850,Bacteria,Bacteroidetes,Sphingobacteriia,Sphingobacteriales,Saprospiraceae,Lewinella,Otu850
Otu129,Bacteria,Bacteroidetes,Sphingobacteriia,Sphingobacteriales,Saprospiraceae,Phaeodactylibacter,Otu129
Otu1300,Bacteria,Bacteroidetes,Sphingobacteriia,Sphingobacteriales,Saprospiraceae,Phaeodactylibacter,Otu1300
Otu1502,Bacteria,Bacteroidetes,Sphingobacteriia,Sphingobacteriales,Saprospiraceae,Phaeodactylibacter,Otu1502
Otu1506,Bacteria,Bacteroidetes,Sphingobacteriia,Sphingobacteriales,Saprospiraceae,Phaeodactylibacter,Otu1506
Otu1507,Bacteria,Bacteroidetes,Sphingobacteriia,Sphingobacteriales,Saprospiraceae,Phaeodactylibacter,Otu1507
Otu1665,Bacteria,Bacteroidetes,Sphingobacteriia,Sphingobacteriales,Saprospiraceae,Phaeodactylibacter,Otu1665
Otu1800,Bacteria,Bacteroidetes,Sphingobacteriia,Sphingobacteriales,Saprospiraceae,Phaeodactylibacter,Otu1800
Otu2243,Bacteria,Bacteroidetes,Sphingobacteriia,Sphingobacteriales,Saprospiraceae,Phaeodactylibacter,Otu2243
Otu651,Bacteria,Bacteroidetes,Sphingobacteriia,Sphingobacteriales,Saprospiraceae,Phaeodactylibacter,Otu651
Otu679,Bacteria,Bacteroidetes,Sphingobacteriia,Sphingobacteriales,Saprospiraceae,Phaeodactylibacter,Otu679
Otu797,Bacteria,Bacteroidetes,Sphingobacteriia,Sphingobacteriales,Saprospiraceae,Phaeodactylibacter,Otu797
Otu847,Bacteria,Bacteroidetes,Sphingobacteriia,Sphingobacteriales,Saprospiraceae,Phaeodactylibacter,Otu847
Otu859,Bacteria,Bacteroidetes,Sphingobacteriia,Sphingobacteriales,Saprospiraceae,Phaeodactylibacter,Otu859
Otu965,Bacteria,Bacteroidetes,Sphingobacteriia,Sphingobacteriales,Saprospiraceae,Phaeodactylibacter,Otu965
Otu979,Bacteria,Bacteroidetes,Sphingobacteriia,Sphingobacteriales,Saprospiraceae,Phaeodactylibacter,Otu979
Otu1118,Bacteria,Bacteroidetes,Sphingobacteriia,Sphingobacteriales,Saprospiraceae,Portibacter,Otu1118
Otu1197,Bacteria,Bacteroidetes,Sphingobacteriia,Sphingobacteriales,Saprospiraceae,Portibacter,Otu1197
Otu1283,Bacteria,Bacteroidetes,Sphingobacteriia,Sphingobacteriales,Saprospiraceae,Portibacter,Otu1283
Otu1292,Bacteria,Bacteroidetes,Sphingobacteriia,Sphingobacteriales,Saprospiraceae,Portibacter,Otu1292
Otu1293,Bacteria,Bacteroidetes,Sphingobacteriia,Sphingobacteriales,Saprospiraceae,Portibacter,Otu1293
Otu1505,Bacteria,Bacteroidetes,Sphingobacteriia,Sphingobacteriales,Saprospiraceae,Portibacter,Otu1505
Otu1634,Bacteria,Bacteroidetes,Sphingobacteriia,Sphingobacteriales,Saprospiraceae,Portibacter,Otu1634
Otu1691,Bacteria,Bacteroidetes,Sphingobacteriia,Sphingobacteriales,Saprospiraceae,Portibacter,Otu1691
Otu1731,Bacteria,Bacteroidetes,Sphingobacteriia,Sphingobacteriales,Saprospiraceae,Portibacter,Otu1731
Otu1768,Bacteria,Bacteroidetes,Sphingobacteriia,Sphingobacteriales,Saprospiraceae,Portibacter,Otu1768
Otu1787,Bacteria,Bacteroidetes,Sphingobacteriia,Sphingobacteriales,Saprospiraceae,Portibacter,Otu1787
Otu1802,Bacteria,Bacteroidetes,Sphingobacteriia,Sphingobacteriales,Saprospiraceae,Portibacter,Otu1802
Otu1804,Bacteria,Bacteroidetes,Sphingobacteriia,Sphingobacteriales,Saprospiraceae,Portibacter,Otu1804
Otu1869,Bacteria,Bacteroidetes,Sphingobacteriia,Sphingobacteriales,Saprospiraceae,Portibacter,Otu1869
Otu1951,Bacteria,Bacteroidetes,Sphingobacteriia,Sphingobacteriales,Saprospiraceae,Portibacter,Otu1951
Otu2181,Bacteria,Bacteroidetes,Sphingobacteriia,Sphingobacteriales,Saprospiraceae,Portibacter,Otu2181
Otu335,Bacteria,Bacteroidetes,Sphingobacteriia,Sphingobacteriales,Saprospiraceae,Portibacter,Otu335
Otu550,Bacteria,Bacteroidetes,Sphingobacteriia,Sphingobacteriales,Saprospiraceae,Portibacter,Otu550
Otu643,Bacteria,Bacteroidetes,Sphingobacteriia,Sphingobacteriales,Saprospiraceae,Portibacter,Otu643
Otu663,Bacteria,Bacteroidetes,Sphingobacteriia,Sphingobacteriales,Saprospiraceae,Portibacter,Otu663
Otu720,Bacteria,Bacteroidetes,Sphingobacteriia,Sphingobacteriales,Saprospiraceae,Portibacter,Otu720
Otu819,Bacteria,Bacteroidetes,Sphingobacteriia,Sphingobacteriales,Saprospiraceae,Portibacter,Otu819
Otu833,Bacteria,Bacteroidetes,Sphingobacteriia,Sphingobacteriales,Saprospiraceae,Portibacter,Otu833
Otu945,Bacteria,Bacteroidetes,Sphingobacteriia,Sphingobacteriales,Saprospiraceae,Portibacter,Otu945
Otu2169,Bacteria,Bacteroidetes,Sphingobacteriia,Sphingobacteriales,Sphingobacteriaceae,Mucilaginibacter,Otu2169
Otu1463,Bacteria,Bacteroidetes,Sphingobacteriia,Sphingobacteriales,Sphingobacteriaceae,Pedobacter,Otu1463
Otu1000,Bacteria,Bacteroidetes,Sphingobacteriia,Sphingobacteriales,Sphingobacteriaceae,Solitalea,Otu1000
Otu2109,Bacteria,Bacteroidetes,Sphingobacteriia,Sphingobacteriales,Sphingobacteriaceae,Solitalea,Otu2109
Otu225,Bacteria,Bacteroidetes,Sphingobacteriia,Sphingobacteriales,Sphingobacteriaceae,Solitalea,Otu225
Otu2257,Bacteria,Bacteroidetes,Sphingobacteriia,Sphingobacteriales,Sphingobacteriaceae,Solitalea,Otu2257
Otu270,Bacteria,Bacteroidetes,Sphingobacteriia,Sphingobacteriales,Sphingobacteriaceae,Solitalea,Otu270
Otu334,Bacteria,Bacteroidetes,Sphingobacteriia,Sphingobacteriales,Sphingobacteriaceae,Solitalea,Otu334
Otu457,Bacteria,Bacteroidetes,Sphingobacteriia,Sphingobacteriales,Sphingobacteriaceae,Solitalea,Otu457
Otu621,Bacteria,Bacteroidetes,Sphingobacteriia,Sphingobacteriales,Sphingobacteriaceae,Solitalea,Otu621
Otu1498,Bacteria,BRC1,BRC1_genera_incertae_sedis,BRC1_genera_incertae_sedis,BRC1_genera_incertae_sedis,BRC1_genera_incertae_sedis,Otu1498
Otu26,Bacteria,candidate division WPS-2,WPS-2_genera_incertae_sedis,WPS-2_genera_incertae_sedis,WPS-2_genera_incertae_sedis,WPS-2_genera_incertae_sedis,Otu26
Otu452,Bacteria,candidate division WPS-2,WPS-2_genera_incertae_sedis,WPS-2_genera_incertae_sedis,WPS-2_genera_incertae_sedis,WPS-2_genera_incertae_sedis,Otu452
Otu1588,Bacteria,candidate division ZB3,ZB3_genera_incertae_sedis,ZB3_genera_incertae_sedis,ZB3_genera_incertae_sedis,ZB3_genera_incertae_sedis,Otu1588
Otu1844,Bacteria,candidate division ZB3,ZB3_genera_incertae_sedis,ZB3_genera_incertae_sedis,ZB3_genera_incertae_sedis,ZB3_genera_incertae_sedis,Otu1844
Otu1872,Bacteria,candidate division ZB3,ZB3_genera_incertae_sedis,ZB3_genera_incertae_sedis,ZB3_genera_incertae_sedis,ZB3_genera_incertae_sedis,Otu1872
Otu431,Bacteria,candidate division ZB3,ZB3_genera_incertae_sedis,ZB3_genera_incertae_sedis,ZB3_genera_incertae_sedis,ZB3_genera_incertae_sedis,Otu431
Otu1795,Bacteria,Candidatus Calescamantes,Candidatus Calescibacterium,Candidatus Calescibacterium,Candidatus Calescibacterium,Candidatus Calescibacterium,Otu1795
Otu1153,Bacteria,Chlamydiae,Chlamydiia,Chlamydiales,Parachlamydiaceae,Neochlamydia,Otu1153
Otu242,Bacteria,Chlamydiae,Chlamydiia,Chlamydiales,Parachlamydiaceae,Neochlamydia,Otu242
Otu1611,Bacteria,Chlamydiae,Chlamydiia,Chlamydiales,Parachlamydiaceae,Parachlamydia,Otu1611
Otu1745,Bacteria,Chlamydiae,Chlamydiia,Chlamydiales,Parachlamydiaceae,Parachlamydia,Otu1745
Otu1784,Bacteria,Chlamydiae,Chlamydiia,Chlamydiales,Parachlamydiaceae,Parachlamydia,Otu1784
Otu1865,Bacteria,Chlamydiae,Chlamydiia,Chlamydiales,Parachlamydiaceae,Parachlamydia,Otu1865
Otu2018,Bacteria,Chlamydiae,Chlamydiia,Chlamydiales,Parachlamydiaceae,Parachlamydia,Otu2018
Otu2037,Bacteria,Chlamydiae,Chlamydiia,Chlamydiales,Parachlamydiaceae,Parachlamydia,Otu2037
Otu2061,Bacteria,Chlamydiae,Chlamydiia,Chlamydiales,Parachlamydiaceae,Parachlamydia,Otu2061
Otu2139,Bacteria,Chlamydiae,Chlamydiia,Chlamydiales,Parachlamydiaceae,Parachlamydia,Otu2139
Otu322,Bacteria,Chlamydiae,Chlamydiia,Chlamydiales,Parachlamydiaceae,Parachlamydia,Otu322
Otu366,Bacteria,Chlamydiae,Chlamydiia,Chlamydiales,Parachlamydiaceae,Parachlamydia,Otu366
Otu411,Bacteria,Chlamydiae,Chlamydiia,Chlamydiales,Parachlamydiaceae,Parachlamydia,Otu411
Otu928,Bacteria,Chlamydiae,Chlamydiia,Chlamydiales,Parachlamydiaceae,Parachlamydia,Otu928
Otu941,Bacteria,Chlamydiae,Chlamydiia,Chlamydiales,Parachlamydiaceae,Parachlamydia,Otu941
Otu1965,Bacteria,Chlamydiae,Chlamydiia,Chlamydiales,Simkaniaceae,Simkania,Otu1965
Otu2078,Bacteria,Chlamydiae,Chlamydiia,Chlamydiales,Simkaniaceae,Simkania,Otu2078
Otu2239,Bacteria,Chlamydiae,Chlamydiia,Chlamydiales,Simkaniaceae,Simkania,Otu2239
Otu459,Bacteria,Chlamydiae,Chlamydiia,Chlamydiales,Simkaniaceae,Simkania,Otu459
Otu2103,Bacteria,Chloroflexi,Anaerolineae,Anaerolineales,Anaerolineaceae,Bellilinea,Otu2103
Otu2157,Bacteria,Chloroflexi,Anaerolineae,Anaerolineales,Anaerolineaceae,Leptolinea,Otu2157
Otu2219,Bacteria,Chloroflexi,Anaerolineae,Anaerolineales,Anaerolineaceae,Leptolinea,Otu2219
Otu1735,Bacteria,Chloroflexi,Anaerolineae,Anaerolineales,Anaerolineaceae,Levilinea,Otu1735
Otu1738,Bacteria,Chloroflexi,Anaerolineae,Anaerolineales,Anaerolineaceae,Levilinea,Otu1738
Otu105,Bacteria,Chloroflexi,Anaerolineae,Anaerolineales,Anaerolineaceae,Longilinea,Otu105
Otu1096,Bacteria,Chloroflexi,Anaerolineae,Anaerolineales,Anaerolineaceae,Longilinea,Otu1096
Otu1533,Bacteria,Chloroflexi,Anaerolineae,Anaerolineales,Anaerolineaceae,Longilinea,Otu1533
Otu1592,Bacteria,Chloroflexi,Anaerolineae,Anaerolineales,Anaerolineaceae,Longilinea,Otu1592
Otu1763,Bacteria,Chloroflexi,Anaerolineae,Anaerolineales,Anaerolineaceae,Longilinea,Otu1763
Otu1811,Bacteria,Chloroflexi,Anaerolineae,Anaerolineales,Anaerolineaceae,Longilinea,Otu1811
Otu1017,Bacteria,Chloroflexi,Anaerolineae,Anaerolineales,Anaerolineaceae,Ornatilinea,Otu1017
Otu1327,Bacteria,Chloroflexi,Anaerolineae,Anaerolineales,Anaerolineaceae,Ornatilinea,Otu1327
Otu1597,Bacteria,Chloroflexi,Anaerolineae,Anaerolineales,Anaerolineaceae,Ornatilinea,Otu1597
Otu1788,Bacteria,Chloroflexi,Anaerolineae,Anaerolineales,Anaerolineaceae,Ornatilinea,Otu1788
Otu1887,Bacteria,Chloroflexi,Anaerolineae,Anaerolineales,Anaerolineaceae,Ornatilinea,Otu1887
Otu2088,Bacteria,Chloroflexi,Anaerolineae,Anaerolineales,Anaerolineaceae,Ornatilinea,Otu2088
Otu2213,Bacteria,Chloroflexi,Anaerolineae,Anaerolineales,Anaerolineaceae,Ornatilinea,Otu2213
Otu607,Bacteria,Chloroflexi,Anaerolineae,Anaerolineales,Anaerolineaceae,Ornatilinea,Otu607
Otu817,Bacteria,Chloroflexi,Anaerolineae,Anaerolineales,Anaerolineaceae,Ornatilinea,Otu817
Otu2144,Bacteria,Chloroflexi,Anaerolineae,Anaerolineales,Anaerolineaceae,Pelolinea,Otu2144
Otu1161,Bacteria,Chloroflexi,Anaerolineae,Anaerolineales,Anaerolineaceae,Thermomarinilinea,Otu1161
Otu1420,Bacteria,Chloroflexi,Anaerolineae,Anaerolineales,Anaerolineaceae,Thermomarinilinea,Otu1420
Otu168,Bacteria,Chloroflexi,Anaerolineae,Anaerolineales,Anaerolineaceae,Thermomarinilinea,Otu168
Otu1014,Bacteria,Chloroflexi,Ardenticatenia,Ardenticatenales,Ardenticatenaceae,Ardenticatena,Otu1014
Otu1028,Bacteria,Chloroflexi,Caldilineae,Caldilineales,Caldilineaceae,Litorilinea,Otu1028
Otu1125,Bacteria,Chloroflexi,Caldilineae,Caldilineales,Caldilineaceae,Litorilinea,Otu1125
Otu1170,Bacteria,Chloroflexi,Caldilineae,Caldilineales,Caldilineaceae,Litorilinea,Otu1170
Otu1285,Bacteria,Chloroflexi,Caldilineae,Caldilineales,Caldilineaceae,Litorilinea,Otu1285
Otu1561,Bacteria,Chloroflexi,Caldilineae,Caldilineales,Caldilineaceae,Litorilinea,Otu1561
Otu1563,Bacteria,Chloroflexi,Caldilineae,Caldilineales,Caldilineaceae,Litorilinea,Otu1563
Otu1583,Bacteria,Chloroflexi,Caldilineae,Caldilineales,Caldilineaceae,Litorilinea,Otu1583
Otu1678,Bacteria,Chloroflexi,Caldilineae,Caldilineales,Caldilineaceae,Litorilinea,Otu1678
Otu1796,Bacteria,Chloroflexi,Caldilineae,Caldilineales,Caldilineaceae,Litorilinea,Otu1796
Otu1879,Bacteria,Chloroflexi,Caldilineae,Caldilineales,Caldilineaceae,Litorilinea,Otu1879
Otu1889,Bacteria,Chloroflexi,Caldilineae,Caldilineales,Caldilineaceae,Litorilinea,Otu1889
Otu2124,Bacteria,Chloroflexi,Caldilineae,Caldilineales,Caldilineaceae,Litorilinea,Otu2124
Otu2149,Bacteria,Chloroflexi,Caldilineae,Caldilineales,Caldilineaceae,Litorilinea,Otu2149
Otu2167,Bacteria,Chloroflexi,Caldilineae,Caldilineales,Caldilineaceae,Litorilinea,Otu2167
Otu2174,Bacteria,Chloroflexi,Caldilineae,Caldilineales,Caldilineaceae,Litorilinea,Otu2174
Otu770,Bacteria,Chloroflexi,Caldilineae,Caldilineales,Caldilineaceae,Litorilinea,Otu770
Otu868,Bacteria,Chloroflexi,Caldilineae,Caldilineales,Caldilineaceae,Litorilinea,Otu868
Otu910,Bacteria,Chloroflexi,Caldilineae,Caldilineales,Caldilineaceae,Litorilinea,Otu910
Otu1648,Bacteria,Chloroflexi,Thermomicrobia,Sphaerobacterales,Sphaerobacteraceae,Nitrolancea,Otu1648
Otu1990,Bacteria,Chloroflexi,Thermomicrobia,Sphaerobacterales,Sphaerobacteraceae,Nitrolancea,Otu1990
Otu668,Bacteria,Cyanobacteria/Chloroplast,Cyanobacteria,Family I,Family I,GpI,Otu668
Otu35,Bacteria,Cyanobacteria/Chloroplast,Cyanobacteria,Family II,Family II,GpIIa,Otu35
Otu391,Bacteria,Cyanobacteria/Chloroplast,Cyanobacteria,Family II,Family II,GpIIa,Otu391
Otu938,Bacteria,Cyanobacteria/Chloroplast,Cyanobacteria,Family II,Family II,GpIIa,Otu938
Otu1329,Bacteria,Cyanobacteria/Chloroplast,Cyanobacteria,Family III,Family III,GpIII,Otu1329
Otu2173,Bacteria,Cyanobacteria/Chloroplast,Cyanobacteria,Family IX,Family IX,GpIX,Otu2173
Otu440,Bacteria,Cyanobacteria/Chloroplast,Cyanobacteria,Family IX,Family IX,GpIX,Otu440
Otu2072,Bacteria,Cyanobacteria/Chloroplast,Cyanobacteria,Family VI,Family VI,GpVI,Otu2072
Otu454,Bacteria,Cyanobacteria/Chloroplast,Cyanobacteria,Family VIII,Family VIII,GpVIII,Otu454
Otu2170,Bacteria,Deferribacteres,Deferribacteres,Deferribacterales,Deferribacteraceae,Denitrovibrio,Otu2170
Otu1461,Bacteria,Deferribacteres,Deferribacteres,Deferribacterales,Deferribacterales_incertae_sedis,Caldithrix,Otu1461
Otu967,Bacteria,Deferribacteres,Deferribacteres,Deferribacterales,Deferribacterales_incertae_sedis,Caldithrix,Otu967
Otu461,Bacteria,Deinococcus-Thermus,Deinococci,Deinococcales,Deinococcaceae,Deinococcus,Otu461
Otu1481,Bacteria,Elusimicrobia,Elusimicrobia,Elusimicrobiales,Elusimicrobiaceae,Elusimicrobium,Otu1481
Otu1877,Bacteria,Elusimicrobia,Elusimicrobia,Elusimicrobiales,Elusimicrobiaceae,Elusimicrobium,Otu1877
Otu370,Archaea,Euryarchaeota,Archaeoglobi,Archaeoglobales,Archaeoglobaceae,Ferroglobus,Otu370
Otu490,Archaea,Euryarchaeota,Archaeoglobi,Archaeoglobales,Archaeoglobaceae,Ferroglobus,Otu490
Otu1825,Archaea,Euryarchaeota,Thermoplasmata,Methanomassiliicoccales,Methanomassiliicoccaceae,Methanomassiliicoccus,Otu1825
Otu310,Archaea,Euryarchaeota,Thermoplasmata,Methanomassiliicoccales,Methanomassiliicoccaceae,Methanomassiliicoccus,Otu310
Otu530,Archaea,Euryarchaeota,Thermoplasmata,Methanomassiliicoccales,Methanomassiliicoccaceae,Methanomassiliicoccus,Otu530
Otu1940,Archaea,Euryarchaeota,Thermoplasmata,Thermoplasmatales,Thermoplasmatales_incertae_sedis,Thermogymnomonas,Otu1940
Otu1056,Bacteria,Firmicutes,Bacilli,Bacillales,Alicyclobacillaceae,Tumebacillus,Otu1056
Otu548,Bacteria,Firmicutes,Bacilli,Bacillales,Alicyclobacillaceae,Tumebacillus,Otu548
Otu438,Bacteria,Firmicutes,Bacilli,Bacillales,Bacillaceae 1,Anoxybacillus,Otu438
Otu1301,Bacteria,Firmicutes,Bacilli,Bacillales,Bacillaceae 1,Bacillus,Otu1301
Otu1721,Bacteria,Firmicutes,Bacilli,Bacillales,Bacillaceae 2,Salirhabdus,Otu1721
Otu733,Bacteria,Firmicutes,Bacilli,Bacillales,Bacillales_Incertae Sedis XII,Exiguobacterium,Otu733
Otu2253,Bacteria,Firmicutes,Bacilli,Bacillales,Staphylococcaceae,Staphylococcus,Otu2253
Otu2066,Bacteria,Firmicutes,Bacilli,Lactobacillales,Carnobacteriaceae,Atopostipes,Otu2066
Otu1582,Bacteria,Firmicutes,Bacilli,Lactobacillales,Enterococcaceae,Enterococcus,Otu1582
Otu723,Bacteria,Firmicutes,Bacilli,Lactobacillales,Streptococcaceae,Streptococcus,Otu723
Otu1267,Bacteria,Firmicutes,Clostridia,Clostridiales,Catabacteriaceae,Catabacter,Otu1267
Otu314,Bacteria,Firmicutes,Clostridia,Clostridiales,Catabacteriaceae,Catabacter,Otu314
Otu1105,Bacteria,Firmicutes,Clostridia,Clostridiales,Christensenellaceae,Christensenella,Otu1105
Otu1404,Bacteria,Firmicutes,Clostridia,Clostridiales,Christensenellaceae,Christensenella,Otu1404
Otu307,Bacteria,Firmicutes,Clostridia,Clostridiales,Christensenellaceae,Christensenella,Otu307
Otu478,Bacteria,Firmicutes,Clostridia,Clostridiales,Christensenellaceae,Christensenella,Otu478
Otu880,Bacteria,Firmicutes,Clostridia,Clostridiales,Clostridiaceae 1,Fonticella,Otu880
Otu1982,Bacteria,Firmicutes,Clostridia,Clostridiales,Clostridiaceae 1,Oceanirhabdus,Otu1982
Otu488,Bacteria,Firmicutes,Clostridia,Clostridiales,Clostridiaceae 3,Clostridiisalibacter,Otu488
Otu1778,Bacteria,Firmicutes,Clostridia,Clostridiales,Clostridiales_Incertae Sedis III,Thermoanaerobacterium,Otu1778
Otu540,Bacteria,Firmicutes,Clostridia,Clostridiales,Clostridiales_Incertae Sedis XI,Anaerococcus,Otu540
Otu946,Bacteria,Firmicutes,Clostridia,Clostridiales,Clostridiales_Incertae Sedis XI,Anaerococcus,Otu946
Otu1794,Bacteria,Firmicutes,Clostridia,Clostridiales,Clostridiales_Incertae Sedis XII,Fusibacter,Otu1794
Otu1762,Bacteria,Firmicutes,Clostridia,Clostridiales,Clostridiales_Incertae Sedis XIII,Anaerovorax,Otu1762
Otu1622,Bacteria,Firmicutes,Clostridia,Clostridiales,Eubacteriaceae,Alkalibaculum,Otu1622
Otu675,Bacteria,Firmicutes,Clostridia,Clostridiales,Gracilibacteraceae,Gracilibacter,Otu675
Otu1098,Bacteria,Firmicutes,Clostridia,Clostridiales,Lachnospiraceae,Parasporobacterium,Otu1098
Otu2052,Bacteria,Firmicutes,Clostridia,Clostridiales,Peptococcaceae 1,Desulfitispora,Otu2052
Otu1160,Bacteria,Firmicutes,Clostridia,Clostridiales,Peptostreptococcaceae,Asaccharospora,Otu1160
Otu728,Bacteria,Firmicutes,Clostridia,Clostridiales,Syntrophomonadaceae,Syntrophothermus,Otu728
Otu1234,Bacteria,Firmicutes,Clostridia,Halanaerobiales,Halanaerobiaceae,Halothermothrix,Otu1234
Otu1831,Bacteria,Firmicutes,Clostridia,Halanaerobiales,Halanaerobiaceae,Halothermothrix,Otu1831
Otu2145,Bacteria,Firmicutes,Clostridia,Halanaerobiales,Halanaerobiaceae,Halothermothrix,Otu2145
Otu1332,Bacteria,Firmicutes,Clostridia,Halanaerobiales,Halobacteroidaceae,Halanaerobaculum,Otu1332
Otu1127,Bacteria,Firmicutes,Clostridia,Natranaerobiales,Natranaerobiaceae,Dethiobacter,Otu1127
Otu1295,Bacteria,Firmicutes,Clostridia,Natranaerobiales,Natranaerobiaceae,Dethiobacter,Otu1295
Otu1314,Bacteria,Firmicutes,Clostridia,Natranaerobiales,Natranaerobiaceae,Dethiobacter,Otu1314
Otu1129,Bacteria,Firmicutes,Clostridia,Natranaerobiales,Natranaerobiaceae,Natranaerobaculum,Otu1129
Otu1669,Bacteria,Firmicutes,Clostridia,Natranaerobiales,Natranaerobiaceae,Natranaerobaculum,Otu1669
Otu1358,Bacteria,Firmicutes,Clostridia,Thermoanaerobacterales,Thermoanaerobacteraceae,Calderihabitans,Otu1358
Otu1819,Bacteria,Firmicutes,Erysipelotrichia,Erysipelotrichales,Erysipelotrichaceae,Allobaculum,Otu1819
Otu1620,Bacteria,Firmicutes,Erysipelotrichia,Erysipelotrichales,Erysipelotrichaceae,Holdemania,Otu1620
Otu1867,Bacteria,Firmicutes,Erysipelotrichia,Erysipelotrichales,Erysipelotrichaceae,Holdemania,Otu1867
Otu944,Bacteria,Firmicutes,Erysipelotrichia,Erysipelotrichales,Erysipelotrichaceae,Holdemania,Otu944
Otu1066,Bacteria,Firmicutes,Negativicutes,Selenomonadales,Acidaminococcaceae,Succinispira,Otu1066
Otu1674,Bacteria,Firmicutes,Negativicutes,Selenomonadales,Veillonellaceae,Anaeroglobus,Otu1674
Otu1917,Bacteria,Firmicutes,Negativicutes,Selenomonadales,Veillonellaceae,Anaeroglobus,Otu1917
Otu698,Bacteria,Firmicutes,Negativicutes,Selenomonadales,Veillonellaceae,Dialister,Otu698
Otu259,Bacteria,Firmicutes,Negativicutes,Selenomonadales,Veillonellaceae,Negativicoccus,Otu259
Otu1393,Bacteria,Firmicutes,Negativicutes,Selenomonadales,Veillonellaceae,Schwartzia,Otu1393
Otu1571,Bacteria,Firmicutes,Negativicutes,Selenomonadales,Veillonellaceae,Schwartzia,Otu1571
Otu2009,Bacteria,Firmicutes,Negativicutes,Selenomonadales,Veillonellaceae,Schwartzia,Otu2009
Otu455,Bacteria,Firmicutes,Negativicutes,Selenomonadales,Veillonellaceae,Schwartzia,Otu455
Otu580,Bacteria,Fusobacteria,Fusobacteriia,Fusobacteriales,Fusobacteriaceae,Propionigenium,Otu580
Otu1087,Bacteria,Gemmatimonadetes,Gemmatimonadetes,Gemmatimonadales,Gemmatimonadaceae,Gemmatimonas,Otu1087
Otu1387,Bacteria,Gemmatimonadetes,Gemmatimonadetes,Gemmatimonadales,Gemmatimonadaceae,Gemmatimonas,Otu1387
Otu1104,Bacteria,Hydrogenedentes,Candidatus Hydrogenedens,Candidatus Hydrogenedens,Candidatus Hydrogenedens,Candidatus Hydrogenedens,Otu1104
Otu1121,Bacteria,Hydrogenedentes,Candidatus Hydrogenedens,Candidatus Hydrogenedens,Candidatus Hydrogenedens,Candidatus Hydrogenedens,Otu1121
Otu1144,Bacteria,Hydrogenedentes,Candidatus Hydrogenedens,Candidatus Hydrogenedens,Candidatus Hydrogenedens,Candidatus Hydrogenedens,Otu1144
Otu1652,Bacteria,Hydrogenedentes,Candidatus Hydrogenedens,Candidatus Hydrogenedens,Candidatus Hydrogenedens,Candidatus Hydrogenedens,Otu1652
Otu1709,Bacteria,Hydrogenedentes,Candidatus Hydrogenedens,Candidatus Hydrogenedens,Candidatus Hydrogenedens,Candidatus Hydrogenedens,Otu1709
Otu1836,Bacteria,Hydrogenedentes,Candidatus Hydrogenedens,Candidatus Hydrogenedens,Candidatus Hydrogenedens,Candidatus Hydrogenedens,Otu1836
Otu624,Bacteria,Hydrogenedentes,Candidatus Hydrogenedens,Candidatus Hydrogenedens,Candidatus Hydrogenedens,Candidatus Hydrogenedens,Otu624
Otu961,Bacteria,Hydrogenedentes,Candidatus Hydrogenedens,Candidatus Hydrogenedens,Candidatus Hydrogenedens,Candidatus Hydrogenedens,Otu961
Otu1060,Bacteria,Ignavibacteriae,Ignavibacteria,Ignavibacteriales,Ignavibacteriaceae,Ignavibacterium,Otu1060
Otu1903,Bacteria,Ignavibacteriae,Ignavibacteria,Ignavibacteriales,Ignavibacteriaceae,Ignavibacterium,Otu1903
Otu1322,Bacteria,Ignavibacteriae,Ignavibacteria,Ignavibacteriales,Ignavibacteriaceae,Melioribacter,Otu1322
Otu1176,Bacteria,Latescibacteria,Latescibacteria_genera_incertae_sedis,Latescibacteria_genera_incertae_sedis,Latescibacteria_genera_incertae_sedis,Latescibacteria_genera_incertae_sedis,Otu1176
Otu1140,Bacteria,Lentisphaerae,Lentisphaeria,Lentisphaerales,Lentisphaeraceae,Lentisphaera,Otu1140
Otu1826,Bacteria,Lentisphaerae,Lentisphaeria,Lentisphaerales,Lentisphaeraceae,Lentisphaera,Otu1826
Otu1936,Bacteria,Lentisphaerae,Lentisphaeria,Lentisphaerales,Lentisphaeraceae,Lentisphaera,Otu1936
Otu243,Bacteria,Lentisphaerae,Lentisphaeria,Lentisphaerales,Lentisphaeraceae,Lentisphaera,Otu243
Otu250,Bacteria,Lentisphaerae,Lentisphaeria,Lentisphaerales,Lentisphaeraceae,Lentisphaera,Otu250
Otu339,Bacteria,Lentisphaerae,Lentisphaeria,Lentisphaerales,Lentisphaeraceae,Lentisphaera,Otu339
Otu376,Bacteria,Lentisphaerae,Lentisphaeria,Lentisphaerales,Lentisphaeraceae,Lentisphaera,Otu376
Otu1205,Bacteria,Lentisphaerae,Lentisphaeria,Victivallales,Victivallaceae,Victivallis,Otu1205
Otu1594,Bacteria,Lentisphaerae,Lentisphaeria,Victivallales,Victivallaceae,Victivallis,Otu1594
Otu749,Bacteria,Lentisphaerae,Lentisphaeria,Victivallales,Victivallaceae,Victivallis,Otu749
Otu771,Bacteria,Lentisphaerae,Oligosphaeria,Oligosphaerales,Oligosphaeraceae,Oligosphaera,Otu771
Otu102,Bacteria,Marinimicrobia,Marinimicrobia_genera_incertae_sedis,Marinimicrobia_genera_incertae_sedis,Marinimicrobia_genera_incertae_sedis,Marinimicrobia_genera_incertae_sedis,Otu102
Otu1547,Bacteria,Marinimicrobia,Marinimicrobia_genera_incertae_sedis,Marinimicrobia_genera_incertae_sedis,Marinimicrobia_genera_incertae_sedis,Marinimicrobia_genera_incertae_sedis,Otu1547
Otu740,Bacteria,Marinimicrobia,Marinimicrobia_genera_incertae_sedis,Marinimicrobia_genera_incertae_sedis,Marinimicrobia_genera_incertae_sedis,Marinimicrobia_genera_incertae_sedis,Otu740
Otu1464,Bacteria,Nitrospinae,Nitrospinia,Nitrospinales,Nitrospinaceae,Nitrospina,Otu1464
Otu1491,Bacteria,Nitrospinae,Nitrospinia,Nitrospinales,Nitrospinaceae,Nitrospina,Otu1491
Otu1515,Bacteria,Nitrospinae,Nitrospinia,Nitrospinales,Nitrospinaceae,Nitrospina,Otu1515
Otu744,Bacteria,Nitrospirae,Nitrospira,Nitrospirales,Nitrospiraceae,Nitrospira,Otu744
Otu1323,Bacteria,Omnitrophica,Omnitrophica_genera_incertae_sedis,Omnitrophica_genera_incertae_sedis,Omnitrophica_genera_incertae_sedis,Omnitrophica_genera_incertae_sedis,Otu1323
Otu1858,Bacteria,Omnitrophica,Omnitrophica_genera_incertae_sedis,Omnitrophica_genera_incertae_sedis,Omnitrophica_genera_incertae_sedis,Omnitrophica_genera_incertae_sedis,Otu1858
Otu1944,Bacteria,Omnitrophica,Omnitrophica_genera_incertae_sedis,Omnitrophica_genera_incertae_sedis,Omnitrophica_genera_incertae_sedis,Omnitrophica_genera_incertae_sedis,Otu1944
Otu2058,Bacteria,Omnitrophica,Omnitrophica_genera_incertae_sedis,Omnitrophica_genera_incertae_sedis,Omnitrophica_genera_incertae_sedis,Omnitrophica_genera_incertae_sedis,Otu2058
Otu931,Bacteria,Omnitrophica,Omnitrophica_genera_incertae_sedis,Omnitrophica_genera_incertae_sedis,Omnitrophica_genera_incertae_sedis,Omnitrophica_genera_incertae_sedis,Otu931
Otu1625,Archaea,Pacearchaeota,Pacearchaeota Incertae Sedis AR13,Pacearchaeota Incertae Sedis AR13,Pacearchaeota Incertae Sedis AR13,Pacearchaeota Incertae Sedis AR13,Otu1625
Otu1835,Archaea,Pacearchaeota,Pacearchaeota Incertae Sedis AR13,Pacearchaeota Incertae Sedis AR13,Pacearchaeota Incertae Sedis AR13,Pacearchaeota Incertae Sedis AR13,Otu1835
Otu2205,Archaea,Pacearchaeota,Pacearchaeota Incertae Sedis AR13,Pacearchaeota Incertae Sedis AR13,Pacearchaeota Incertae Sedis AR13,Pacearchaeota Incertae Sedis AR13,Otu2205
Otu2264,Archaea,Pacearchaeota,Pacearchaeota Incertae Sedis AR13,Pacearchaeota Incertae Sedis AR13,Pacearchaeota Incertae Sedis AR13,Pacearchaeota Incertae Sedis AR13,Otu2264
Otu1130,Bacteria,Parcubacteria,Parcubacteria_genera_incertae_sedis,Parcubacteria_genera_incertae_sedis,Parcubacteria_genera_incertae_sedis,Parcubacteria_genera_incertae_sedis,Otu1130
Otu1186,Bacteria,Parcubacteria,Parcubacteria_genera_incertae_sedis,Parcubacteria_genera_incertae_sedis,Parcubacteria_genera_incertae_sedis,Parcubacteria_genera_incertae_sedis,Otu1186
Otu1239,Bacteria,Parcubacteria,Parcubacteria_genera_incertae_sedis,Parcubacteria_genera_incertae_sedis,Parcubacteria_genera_incertae_sedis,Parcubacteria_genera_incertae_sedis,Otu1239
Otu1270,Bacteria,Parcubacteria,Parcubacteria_genera_incertae_sedis,Parcubacteria_genera_incertae_sedis,Parcubacteria_genera_incertae_sedis,Parcubacteria_genera_incertae_sedis,Otu1270
Otu1472,Bacteria,Parcubacteria,Parcubacteria_genera_incertae_sedis,Parcubacteria_genera_incertae_sedis,Parcubacteria_genera_incertae_sedis,Parcubacteria_genera_incertae_sedis,Otu1472
Otu1541,Bacteria,Parcubacteria,Parcubacteria_genera_incertae_sedis,Parcubacteria_genera_incertae_sedis,Parcubacteria_genera_incertae_sedis,Parcubacteria_genera_incertae_sedis,Otu1541
Otu1840,Bacteria,Parcubacteria,Parcubacteria_genera_incertae_sedis,Parcubacteria_genera_incertae_sedis,Parcubacteria_genera_incertae_sedis,Parcubacteria_genera_incertae_sedis,Otu1840
Otu1864,Bacteria,Parcubacteria,Parcubacteria_genera_incertae_sedis,Parcubacteria_genera_incertae_sedis,Parcubacteria_genera_incertae_sedis,Parcubacteria_genera_incertae_sedis,Otu1864
Otu1927,Bacteria,Parcubacteria,Parcubacteria_genera_incertae_sedis,Parcubacteria_genera_incertae_sedis,Parcubacteria_genera_incertae_sedis,Parcubacteria_genera_incertae_sedis,Otu1927
Otu2028,Bacteria,Parcubacteria,Parcubacteria_genera_incertae_sedis,Parcubacteria_genera_incertae_sedis,Parcubacteria_genera_incertae_sedis,Parcubacteria_genera_incertae_sedis,Otu2028
Otu2206,Bacteria,Parcubacteria,Parcubacteria_genera_incertae_sedis,Parcubacteria_genera_incertae_sedis,Parcubacteria_genera_incertae_sedis,Parcubacteria_genera_incertae_sedis,Otu2206
Otu284,Bacteria,Parcubacteria,Parcubacteria_genera_incertae_sedis,Parcubacteria_genera_incertae_sedis,Parcubacteria_genera_incertae_sedis,Parcubacteria_genera_incertae_sedis,Otu284
Otu661,Bacteria,Parcubacteria,Parcubacteria_genera_incertae_sedis,Parcubacteria_genera_incertae_sedis,Parcubacteria_genera_incertae_sedis,Parcubacteria_genera_incertae_sedis,Otu661
Otu903,Bacteria,Parcubacteria,Parcubacteria_genera_incertae_sedis,Parcubacteria_genera_incertae_sedis,Parcubacteria_genera_incertae_sedis,Parcubacteria_genera_incertae_sedis,Otu903
Otu1083,Bacteria,Planctomycetes,Phycisphaerae,Phycisphaerales,Phycisphaeraceae,Phycisphaera,Otu1083
Otu1097,Bacteria,Planctomycetes,Phycisphaerae,Phycisphaerales,Phycisphaeraceae,Phycisphaera,Otu1097
Otu1106,Bacteria,Planctomycetes,Phycisphaerae,Phycisphaerales,Phycisphaeraceae,Phycisphaera,Otu1106
Otu1219,Bacteria,Planctomycetes,Phycisphaerae,Phycisphaerales,Phycisphaeraceae,Phycisphaera,Otu1219
Otu1312,Bacteria,Planctomycetes,Phycisphaerae,Phycisphaerales,Phycisphaeraceae,Phycisphaera,Otu1312
Otu1336,Bacteria,Planctomycetes,Phycisphaerae,Phycisphaerales,Phycisphaeraceae,Phycisphaera,Otu1336
Otu1682,Bacteria,Planctomycetes,Phycisphaerae,Phycisphaerales,Phycisphaeraceae,Phycisphaera,Otu1682
Otu1739,Bacteria,Planctomycetes,Phycisphaerae,Phycisphaerales,Phycisphaeraceae,Phycisphaera,Otu1739
Otu1761,Bacteria,Planctomycetes,Phycisphaerae,Phycisphaerales,Phycisphaeraceae,Phycisphaera,Otu1761
Otu1786,Bacteria,Planctomycetes,Phycisphaerae,Phycisphaerales,Phycisphaeraceae,Phycisphaera,Otu1786
Otu1930,Bacteria,Planctomycetes,Phycisphaerae,Phycisphaerales,Phycisphaeraceae,Phycisphaera,Otu1930
Otu2154,Bacteria,Planctomycetes,Phycisphaerae,Phycisphaerales,Phycisphaeraceae,Phycisphaera,Otu2154
Otu1544,Bacteria,Planctomycetes,Phycisphaerae,Tepidisphaerales,Tepidisphaeraceae,Tepidisphaera,Otu1544
Otu1656,Bacteria,Planctomycetes,Phycisphaerae,Tepidisphaerales,Tepidisphaeraceae,Tepidisphaera,Otu1656
Otu1833,Bacteria,Planctomycetes,Phycisphaerae,Tepidisphaerales,Tepidisphaeraceae,Tepidisphaera,Otu1833
Otu1911,Bacteria,Planctomycetes,Phycisphaerae,Tepidisphaerales,Tepidisphaeraceae,Tepidisphaera,Otu1911
Otu58,Bacteria,Planctomycetes,Phycisphaerae,Tepidisphaerales,Tepidisphaeraceae,Tepidisphaera,Otu58
Otu1749,Bacteria,Planctomycetes,Planctomycetia,Candidatus Brocadiales,Candidatus Brocadiaceae,Candidatus Anammoxoglobus,Otu1749
Otu199,Bacteria,Planctomycetes,Planctomycetia,Candidatus Brocadiales,Candidatus Brocadiaceae,Candidatus Anammoxoglobus,Otu199
Otu2000,Bacteria,Planctomycetes,Planctomycetia,Candidatus Brocadiales,Candidatus Brocadiaceae,Candidatus Anammoxoglobus,Otu2000
Otu2080,Bacteria,Planctomycetes,Planctomycetia,Candidatus Brocadiales,Candidatus Brocadiaceae,Candidatus Anammoxoglobus,Otu2080
Otu2254,Bacteria,Planctomycetes,Planctomycetia,Candidatus Brocadiales,Candidatus Brocadiaceae,Candidatus Anammoxoglobus,Otu2254
Otu844,Bacteria,Planctomycetes,Planctomycetia,Candidatus Brocadiales,Candidatus Brocadiaceae,Candidatus Anammoxoglobus,Otu844
Otu957,Bacteria,Planctomycetes,Planctomycetia,Candidatus Brocadiales,Candidatus Brocadiaceae,Candidatus Anammoxoglobus,Otu957
Otu1558,Bacteria,Planctomycetes,Planctomycetia,Candidatus Brocadiales,Candidatus Brocadiaceae,Candidatus Brocadia,Otu1558
Otu1567,Bacteria,Planctomycetes,Planctomycetia,Candidatus Brocadiales,Candidatus Brocadiaceae,Candidatus Brocadia,Otu1567
Otu1793,Bacteria,Planctomycetes,Planctomycetia,Candidatus Brocadiales,Candidatus Brocadiaceae,Candidatus Brocadia,Otu1793
Otu1958,Bacteria,Planctomycetes,Planctomycetia,Candidatus Brocadiales,Candidatus Brocadiaceae,Candidatus Brocadia,Otu1958
Otu2057,Bacteria,Planctomycetes,Planctomycetia,Candidatus Brocadiales,Candidatus Brocadiaceae,Candidatus Brocadia,Otu2057
Otu2130,Bacteria,Planctomycetes,Planctomycetia,Candidatus Brocadiales,Candidatus Brocadiaceae,Candidatus Brocadia,Otu2130
Otu2158,Bacteria,Planctomycetes,Planctomycetia,Candidatus Brocadiales,Candidatus Brocadiaceae,Candidatus Brocadia,Otu2158
Otu557,Bacteria,Planctomycetes,Planctomycetia,Candidatus Brocadiales,Candidatus Brocadiaceae,Candidatus Brocadia,Otu557
Otu688,Bacteria,Planctomycetes,Planctomycetia,Candidatus Brocadiales,Candidatus Brocadiaceae,Candidatus Brocadia,Otu688
Otu769,Bacteria,Planctomycetes,Planctomycetia,Candidatus Brocadiales,Candidatus Brocadiaceae,Candidatus Brocadia,Otu769
Otu1782,Bacteria,Planctomycetes,Planctomycetia,Candidatus Brocadiales,Candidatus Brocadiaceae,Candidatus Scalindua,Otu1782
Otu1192,Bacteria,Planctomycetes,Planctomycetia,Planctomycetales,Planctomycetaceae,Aquisphaera,Otu1192
Otu1789,Bacteria,Planctomycetes,Planctomycetia,Planctomycetales,Planctomycetaceae,Aquisphaera,Otu1789
Otu991,Bacteria,Planctomycetes,Planctomycetia,Planctomycetales,Planctomycetaceae,Aquisphaera,Otu991
Otu1080,Bacteria,Planctomycetes,Planctomycetia,Planctomycetales,Planctomycetaceae,Blastopirellula,Otu1080
Otu1085,Bacteria,Planctomycetes,Planctomycetia,Planctomycetales,Planctomycetaceae,Blastopirellula,Otu1085
Otu1149,Bacteria,Planctomycetes,Planctomycetia,Planctomycetales,Planctomycetaceae,Blastopirellula,Otu1149
Otu1172,Bacteria,Planctomycetes,Planctomycetia,Planctomycetales,Planctomycetaceae,Blastopirellula,Otu1172
Otu118,Bacteria,Planctomycetes,Planctomycetia,Planctomycetales,Planctomycetaceae,Blastopirellula,Otu118
Otu1247,Bacteria,Planctomycetes,Planctomycetia,Planctomycetales,Planctomycetaceae,Blastopirellula,Otu1247
Otu1261,Bacteria,Planctomycetes,Planctomycetia,Planctomycetales,Planctomycetaceae,Blastopirellula,Otu1261
Otu1279,Bacteria,Planctomycetes,Planctomycetia,Planctomycetales,Planctomycetaceae,Blastopirellula,Otu1279
Otu1286,Bacteria,Planctomycetes,Planctomycetia,Planctomycetales,Planctomycetaceae,Blastopirellula,Otu1286
Otu1299,Bacteria,Planctomycetes,Planctomycetia,Planctomycetales,Planctomycetaceae,Blastopirellula,Otu1299
Otu1308,Bacteria,Planctomycetes,Planctomycetia,Planctomycetales,Planctomycetaceae,Blastopirellula,Otu1308
Otu1325,Bacteria,Planctomycetes,Planctomycetia,Planctomycetales,Planctomycetaceae,Blastopirellula,Otu1325
Otu1331,Bacteria,Planctomycetes,Planctomycetia,Planctomycetales,Planctomycetaceae,Blastopirellula,Otu1331
Otu1392,Bacteria,Planctomycetes,Planctomycetia,Planctomycetales,Planctomycetaceae,Blastopirellula,Otu1392
Otu1394,Bacteria,Planctomycetes,Planctomycetia,Planctomycetales,Planctomycetaceae,Blastopirellula,Otu1394
Otu1521,Bacteria,Planctomycetes,Planctomycetia,Planctomycetales,Planctomycetaceae,Blastopirellula,Otu1521
Otu1546,Bacteria,Planctomycetes,Planctomycetia,Planctomycetales,Planctomycetaceae,Blastopirellula,Otu1546
Otu1548,Bacteria,Planctomycetes,Planctomycetia,Planctomycetales,Planctomycetaceae,Blastopirellula,Otu1548
Otu1560,Bacteria,Planctomycetes,Planctomycetia,Planctomycetales,Planctomycetaceae,Blastopirellula,Otu1560
Otu163,Bacteria,Planctomycetes,Planctomycetia,Planctomycetales,Planctomycetaceae,Blastopirellula,Otu163
Otu1644,Bacteria,Planctomycetes,Planctomycetia,Planctomycetales,Planctomycetaceae,Blastopirellula,Otu1644
Otu1675,Bacteria,Planctomycetes,Planctomycetia,Planctomycetales,Planctomycetaceae,Blastopirellula,Otu1675
Otu1688,Bacteria,Planctomycetes,Planctomycetia,Planctomycetales,Planctomycetaceae,Blastopirellula,Otu1688
Otu1717,Bacteria,Planctomycetes,Planctomycetia,Planctomycetales,Planctomycetaceae,Blastopirellula,Otu1717
Otu1722,Bacteria,Planctomycetes,Planctomycetia,Planctomycetales,Planctomycetaceae,Blastopirellula,Otu1722
Otu1725,Bacteria,Planctomycetes,Planctomycetia,Planctomycetales,Planctomycetaceae,Blastopirellula,Otu1725
Otu1766,Bacteria,Planctomycetes,Planctomycetia,Planctomycetales,Planctomycetaceae,Blastopirellula,Otu1766
Otu1774,Bacteria,Planctomycetes,Planctomycetia,Planctomycetales,Planctomycetaceae,Blastopirellula,Otu1774
Otu1781,Bacteria,Planctomycetes,Planctomycetia,Planctomycetales,Planctomycetaceae,Blastopirellula,Otu1781
Otu1814,Bacteria,Planctomycetes,Planctomycetia,Planctomycetales,Planctomycetaceae,Blastopirellula,Otu1814
Otu1908,Bacteria,Planctomycetes,Planctomycetia,Planctomycetales,Planctomycetaceae,Blastopirellula,Otu1908
Otu1986,Bacteria,Planctomycetes,Planctomycetia,Planctomycetales,Planctomycetaceae,Blastopirellula,Otu1986
Otu2062,Bacteria,Planctomycetes,Planctomycetia,Planctomycetales,Planctomycetaceae,Blastopirellula,Otu2062
Otu2142,Bacteria,Planctomycetes,Planctomycetia,Planctomycetales,Planctomycetaceae,Blastopirellula,Otu2142
Otu336,Bacteria,Planctomycetes,Planctomycetia,Planctomycetales,Planctomycetaceae,Blastopirellula,Otu336
Otu465,Bacteria,Planctomycetes,Planctomycetia,Planctomycetales,Planctomycetaceae,Blastopirellula,Otu465
Otu589,Bacteria,Planctomycetes,Planctomycetia,Planctomycetales,Planctomycetaceae,Blastopirellula,Otu589
Otu652,Bacteria,Planctomycetes,Planctomycetia,Planctomycetales,Planctomycetaceae,Blastopirellula,Otu652
Otu732,Bacteria,Planctomycetes,Planctomycetia,Planctomycetales,Planctomycetaceae,Blastopirellula,Otu732
Otu753,Bacteria,Planctomycetes,Planctomycetia,Planctomycetales,Planctomycetaceae,Blastopirellula,Otu753
Otu763,Bacteria,Planctomycetes,Planctomycetia,Planctomycetales,Planctomycetaceae,Blastopirellula,Otu763
Otu803,Bacteria,Planctomycetes,Planctomycetia,Planctomycetales,Planctomycetaceae,Blastopirellula,Otu803
Otu811,Bacteria,Planctomycetes,Planctomycetia,Planctomycetales,Planctomycetaceae,Blastopirellula,Otu811
Otu852,Bacteria,Planctomycetes,Planctomycetia,Planctomycetales,Planctomycetaceae,Blastopirellula,Otu852
Otu906,Bacteria,Planctomycetes,Planctomycetia,Planctomycetales,Planctomycetaceae,Blastopirellula,Otu906
Otu998,Bacteria,Planctomycetes,Planctomycetia,Planctomycetales,Planctomycetaceae,Blastopirellula,Otu998
Otu1092,Bacteria,Planctomycetes,Planctomycetia,Planctomycetales,Planctomycetaceae,Gemmata,Otu1092
Otu1266,Bacteria,Planctomycetes,Planctomycetia,Planctomycetales,Planctomycetaceae,Gemmata,Otu1266
Otu1363,Bacteria,Planctomycetes,Planctomycetia,Planctomycetales,Planctomycetaceae,Gemmata,Otu1363
Otu1577,Bacteria,Planctomycetes,Planctomycetia,Planctomycetales,Planctomycetaceae,Gemmata,Otu1577
Otu2069,Bacteria,Planctomycetes,Planctomycetia,Planctomycetales,Planctomycetaceae,Gemmata,Otu2069
Otu2129,Bacteria,Planctomycetes,Planctomycetia,Planctomycetales,Planctomycetaceae,Gemmata,Otu2129
Otu1075,Bacteria,Planctomycetes,Planctomycetia,Planctomycetales,Planctomycetaceae,Gimesia,Otu1075
Otu1152,Bacteria,Planctomycetes,Planctomycetia,Planctomycetales,Planctomycetaceae,Gimesia,Otu1152
Otu1163,Bacteria,Planctomycetes,Planctomycetia,Planctomycetales,Planctomycetaceae,Gimesia,Otu1163
Otu1452,Bacteria,Planctomycetes,Planctomycetia,Planctomycetales,Planctomycetaceae,Gimesia,Otu1452
Otu1679,Bacteria,Planctomycetes,Planctomycetia,Planctomycetales,Planctomycetaceae,Gimesia,Otu1679
Otu1718,Bacteria,Planctomycetes,Planctomycetia,Planctomycetales,Planctomycetaceae,Gimesia,Otu1718
Otu1723,Bacteria,Planctomycetes,Planctomycetia,Planctomycetales,Planctomycetaceae,Gimesia,Otu1723
Otu1732,Bacteria,Planctomycetes,Planctomycetia,Planctomycetales,Planctomycetaceae,Gimesia,Otu1732
Otu1752,Bacteria,Planctomycetes,Planctomycetia,Planctomycetales,Planctomycetaceae,Gimesia,Otu1752
Otu1963,Bacteria,Planctomycetes,Planctomycetia,Planctomycetales,Planctomycetaceae,Gimesia,Otu1963
Otu2036,Bacteria,Planctomycetes,Planctomycetia,Planctomycetales,Planctomycetaceae,Gimesia,Otu2036
Otu436,Bacteria,Planctomycetes,Planctomycetia,Planctomycetales,Planctomycetaceae,Gimesia,Otu436
Otu597,Bacteria,Planctomycetes,Planctomycetia,Planctomycetales,Planctomycetaceae,Gimesia,Otu597
Otu634,Bacteria,Planctomycetes,Planctomycetia,Planctomycetales,Planctomycetaceae,Gimesia,Otu634
Otu691,Bacteria,Planctomycetes,Planctomycetia,Planctomycetales,Planctomycetaceae,Gimesia,Otu691
Otu765,Bacteria,Planctomycetes,Planctomycetia,Planctomycetales,Planctomycetaceae,Gimesia,Otu765
Otu943,Bacteria,Planctomycetes,Planctomycetia,Planctomycetales,Planctomycetaceae,Gimesia,Otu943
Otu973,Bacteria,Planctomycetes,Planctomycetia,Planctomycetales,Planctomycetaceae,Gimesia,Otu973
Otu994,Bacteria,Planctomycetes,Planctomycetia,Planctomycetales,Planctomycetaceae,Gimesia,Otu994
Otu999,Bacteria,Planctomycetes,Planctomycetia,Planctomycetales,Planctomycetaceae,Gimesia,Otu999
Otu1020,Bacteria,Planctomycetes,Planctomycetia,Planctomycetales,Planctomycetaceae,Pirellula,Otu1020
Otu1108,Bacteria,Planctomycetes,Planctomycetia,Planctomycetales,Planctomycetaceae,Pirellula,Otu1108
Otu1181,Bacteria,Planctomycetes,Planctomycetia,Planctomycetales,Planctomycetaceae,Pirellula,Otu1181
Otu1510,Bacteria,Planctomycetes,Planctomycetia,Planctomycetales,Planctomycetaceae,Pirellula,Otu1510
Otu1545,Bacteria,Planctomycetes,Planctomycetia,Planctomycetales,Planctomycetaceae,Pirellula,Otu1545
Otu1553,Bacteria,Planctomycetes,Planctomycetia,Planctomycetales,Planctomycetaceae,Pirellula,Otu1553
Otu1578,Bacteria,Planctomycetes,Planctomycetia,Planctomycetales,Planctomycetaceae,Pirellula,Otu1578
Otu1657,Bacteria,Planctomycetes,Planctomycetia,Planctomycetales,Planctomycetaceae,Pirellula,Otu1657
Otu1686,Bacteria,Planctomycetes,Planctomycetia,Planctomycetales,Planctomycetaceae,Pirellula,Otu1686
Otu1751,Bacteria,Planctomycetes,Planctomycetia,Planctomycetales,Planctomycetaceae,Pirellula,Otu1751
Otu1830,Bacteria,Planctomycetes,Planctomycetia,Planctomycetales,Planctomycetaceae,Pirellula,Otu1830
Otu1842,Bacteria,Planctomycetes,Planctomycetia,Planctomycetales,Planctomycetaceae,Pirellula,Otu1842
Otu1878,Bacteria,Planctomycetes,Planctomycetia,Planctomycetales,Planctomycetaceae,Pirellula,Otu1878
Otu1880,Bacteria,Planctomycetes,Planctomycetia,Planctomycetales,Planctomycetaceae,Pirellula,Otu1880
Otu189,Bacteria,Planctomycetes,Planctomycetia,Planctomycetales,Planctomycetaceae,Pirellula,Otu189
Otu1894,Bacteria,Planctomycetes,Planctomycetia,Planctomycetales,Planctomycetaceae,Pirellula,Otu1894
Otu1900,Bacteria,Planctomycetes,Planctomycetia,Planctomycetales,Planctomycetaceae,Pirellula,Otu1900
Otu2003,Bacteria,Planctomycetes,Planctomycetia,Planctomycetales,Planctomycetaceae,Pirellula,Otu2003
Otu2076,Bacteria,Planctomycetes,Planctomycetia,Planctomycetales,Planctomycetaceae,Pirellula,Otu2076
Otu2108,Bacteria,Planctomycetes,Planctomycetia,Planctomycetales,Planctomycetaceae,Pirellula,Otu2108
Otu2192,Bacteria,Planctomycetes,Planctomycetia,Planctomycetales,Planctomycetaceae,Pirellula,Otu2192
Otu2201,Bacteria,Planctomycetes,Planctomycetia,Planctomycetales,Planctomycetaceae,Pirellula,Otu2201
Otu421,Bacteria,Planctomycetes,Planctomycetia,Planctomycetales,Planctomycetaceae,Pirellula,Otu421
Otu458,Bacteria,Planctomycetes,Planctomycetia,Planctomycetales,Planctomycetaceae,Pirellula,Otu458
Otu619,Bacteria,Planctomycetes,Planctomycetia,Planctomycetales,Planctomycetaceae,Pirellula,Otu619
Otu727,Bacteria,Planctomycetes,Planctomycetia,Planctomycetales,Planctomycetaceae,Pirellula,Otu727
Otu731,Bacteria,Planctomycetes,Planctomycetia,Planctomycetales,Planctomycetaceae,Pirellula,Otu731
Otu778,Bacteria,Planctomycetes,Planctomycetia,Planctomycetales,Planctomycetaceae,Pirellula,Otu778
Otu821,Bacteria,Planctomycetes,Planctomycetia,Planctomycetales,Planctomycetaceae,Pirellula,Otu821
Otu1970,Bacteria,Planctomycetes,Planctomycetia,Planctomycetales,Planctomycetaceae,Planctomicrobium,Otu1970
Otu2089,Bacteria,Planctomycetes,Planctomycetia,Planctomycetales,Planctomycetaceae,Planctomicrobium,Otu2089
Otu446,Bacteria,Planctomycetes,Planctomycetia,Planctomycetales,Planctomycetaceae,Planctomicrobium,Otu446
Otu689,Bacteria,Planctomycetes,Planctomycetia,Planctomycetales,Planctomycetaceae,Planctomicrobium,Otu689
Otu806,Bacteria,Planctomycetes,Planctomycetia,Planctomycetales,Planctomycetaceae,Planctomicrobium,Otu806
Otu885,Bacteria,Planctomycetes,Planctomycetia,Planctomycetales,Planctomycetaceae,Planctomicrobium,Otu885
Otu1232,Bacteria,Planctomycetes,Planctomycetia,Planctomycetales,Planctomycetaceae,Planctopirus,Otu1232
Otu1459,Bacteria,Planctomycetes,Planctomycetia,Planctomycetales,Planctomycetaceae,Planctopirus,Otu1459
Otu1526,Bacteria,Planctomycetes,Planctomycetia,Planctomycetales,Planctomycetaceae,Planctopirus,Otu1526
Otu1736,Bacteria,Planctomycetes,Planctomycetia,Planctomycetales,Planctomycetaceae,Planctopirus,Otu1736
Otu2161,Bacteria,Planctomycetes,Planctomycetia,Planctomycetales,Planctomycetaceae,Planctopirus,Otu2161
Otu1296,Bacteria,Planctomycetes,Planctomycetia,Planctomycetales,Planctomycetaceae,Rhodopirellula,Otu1296
Otu1304,Bacteria,Planctomycetes,Planctomycetia,Planctomycetales,Planctomycetaceae,Rhodopirellula,Otu1304
Otu1374,Bacteria,Planctomycetes,Planctomycetia,Planctomycetales,Planctomycetaceae,Rhodopirellula,Otu1374
Otu1593,Bacteria,Planctomycetes,Planctomycetia,Planctomycetales,Planctomycetaceae,Rhodopirellula,Otu1593
Otu1664,Bacteria,Planctomycetes,Planctomycetia,Planctomycetales,Planctomycetaceae,Rhodopirellula,Otu1664
Otu229,Bacteria,Planctomycetes,Planctomycetia,Planctomycetales,Planctomycetaceae,Rhodopirellula,Otu229
Otu1364,Bacteria,Planctomycetes,Planctomycetia,Planctomycetales,Planctomycetaceae,Rubinisphaera,Otu1364
Otu1434,Bacteria,Planctomycetes,Planctomycetia,Planctomycetales,Planctomycetaceae,Rubinisphaera,Otu1434
Otu1514,Bacteria,Planctomycetes,Planctomycetia,Planctomycetales,Planctomycetaceae,Rubinisphaera,Otu1514
Otu1518,Bacteria,Planctomycetes,Planctomycetia,Planctomycetales,Planctomycetaceae,Rubinisphaera,Otu1518
Otu1623,Bacteria,Planctomycetes,Planctomycetia,Planctomycetales,Planctomycetaceae,Rubinisphaera,Otu1623
Otu1638,Bacteria,Planctomycetes,Planctomycetia,Planctomycetales,Planctomycetaceae,Rubinisphaera,Otu1638
Otu2051,Bacteria,Planctomycetes,Planctomycetia,Planctomycetales,Planctomycetaceae,Rubinisphaera,Otu2051
Otu2096,Bacteria,Planctomycetes,Planctomycetia,Planctomycetales,Planctomycetaceae,Rubinisphaera,Otu2096
Otu2114,Bacteria,Planctomycetes,Planctomycetia,Planctomycetales,Planctomycetaceae,Rubinisphaera,Otu2114
Otu693,Bacteria,Planctomycetes,Planctomycetia,Planctomycetales,Planctomycetaceae,Rubinisphaera,Otu693
Otu860,Bacteria,Planctomycetes,Planctomycetia,Planctomycetales,Planctomycetaceae,Rubinisphaera,Otu860
Otu872,Bacteria,Planctomycetes,Planctomycetia,Planctomycetales,Planctomycetaceae,Rubinisphaera,Otu872
Otu993,Bacteria,Planctomycetes,Planctomycetia,Planctomycetales,Planctomycetaceae,Rubinisphaera,Otu993
Otu2079,Bacteria,Planctomycetes,Planctomycetia,Planctomycetales,Planctomycetaceae,Schlesneria,Otu2079
Otu1198,Bacteria,Planctomycetes,Planctomycetia,Planctomycetales,Planctomycetaceae,Telmatocola,Otu1198
Otu1244,Bacteria,Planctomycetes,Planctomycetia,Planctomycetales,Planctomycetaceae,Telmatocola,Otu1244
Otu1252,Bacteria,Planctomycetes,Planctomycetia,Planctomycetales,Planctomycetaceae,Telmatocola,Otu1252
Otu1284,Bacteria,Planctomycetes,Planctomycetia,Planctomycetales,Planctomycetaceae,Telmatocola,Otu1284
Otu1372,Bacteria,Planctomycetes,Planctomycetia,Planctomycetales,Planctomycetaceae,Telmatocola,Otu1372
Otu402,Bacteria,Planctomycetes,Planctomycetia,Planctomycetales,Planctomycetaceae,Telmatocola,Otu402
Otu695,Bacteria,Planctomycetes,Planctomycetia,Planctomycetales,Planctomycetaceae,Telmatocola,Otu695
Otu974,Bacteria,Planctomycetes,Planctomycetia,Planctomycetales,Planctomycetaceae,Telmatocola,Otu974
Otu1221,Bacteria,Planctomycetes,Planctomycetia,Planctomycetales,Planctomycetaceae,Zavarzinella,Otu1221
Otu1808,Bacteria,Planctomycetes,Planctomycetia,Planctomycetales,Planctomycetaceae,Zavarzinella,Otu1808
Otu1906,Bacteria,Planctomycetes,Planctomycetia,Planctomycetales,Planctomycetaceae,Zavarzinella,Otu1906
Otu697,Bacteria,Planctomycetes,Planctomycetia,Planctomycetales,Planctomycetaceae,Zavarzinella,Otu697
Otu842,Bacteria,Planctomycetes,Planctomycetia,Planctomycetales,Planctomycetaceae,Zavarzinella,Otu842
Otu879,Bacteria,Planctomycetes,Planctomycetia,Planctomycetales,Planctomycetaceae,Zavarzinella,Otu879
Otu1137,Bacteria,Poribacteria,Poribacteria_genera_incertae_sedis,Poribacteria_genera_incertae_sedis,Poribacteria_genera_incertae_sedis,Poribacteria_genera_incertae_sedis,Otu1137
Otu1527,Bacteria,Poribacteria,Poribacteria_genera_incertae_sedis,Poribacteria_genera_incertae_sedis,Poribacteria_genera_incertae_sedis,Poribacteria_genera_incertae_sedis,Otu1527
Otu1757,Bacteria,Proteobacteria,Alphaproteobacteria,Alphaproteobacteria_incertae_sedis,Geminicoccus,Geminicoccus,Otu1757
Otu696,Bacteria,Proteobacteria,Alphaproteobacteria,Alphaproteobacteria_incertae_sedis,Geminicoccus,Geminicoccus,Otu696
Otu2188,Bacteria,Proteobacteria,Alphaproteobacteria,Caulobacterales,Caulobacteraceae,Brevundimonas,Otu2188
Otu276,Bacteria,Proteobacteria,Alphaproteobacteria,Caulobacterales,Caulobacteraceae,Brevundimonas,Otu276
Otu711,Bacteria,Proteobacteria,Alphaproteobacteria,Caulobacterales,Caulobacteraceae,Brevundimonas,Otu711
Otu1896,Bacteria,Proteobacteria,Alphaproteobacteria,Caulobacterales,Caulobacteraceae,Phenylobacterium,Otu1896
Otu2006,Bacteria,Proteobacteria,Alphaproteobacteria,Caulobacterales,Caulobacteraceae,Phenylobacterium,Otu2006
Otu1471,Bacteria,Proteobacteria,Alphaproteobacteria,Caulobacterales,Hyphomonadaceae,Algimonas,Otu1471
Otu2068,Bacteria,Proteobacteria,Alphaproteobacteria,Caulobacterales,Hyphomonadaceae,Algimonas,Otu2068
Otu1411,Bacteria,Proteobacteria,Alphaproteobacteria,Caulobacterales,Hyphomonadaceae,Fretibacter,Otu1411
Otu1493,Bacteria,Proteobacteria,Alphaproteobacteria,Caulobacterales,Hyphomonadaceae,Fretibacter,Otu1493
Otu1119,Bacteria,Proteobacteria,Alphaproteobacteria,Caulobacterales,Hyphomonadaceae,Glycocaulis,Otu1119
Otu450,Bacteria,Proteobacteria,Alphaproteobacteria,Caulobacterales,Hyphomonadaceae,Glycocaulis,Otu450
Otu1309,Bacteria,Proteobacteria,Alphaproteobacteria,Caulobacterales,Hyphomonadaceae,Hellea,Otu1309
Otu2207,Bacteria,Proteobacteria,Alphaproteobacteria,Caulobacterales,Hyphomonadaceae,Hellea,Otu2207
Otu959,Bacteria,Proteobacteria,Alphaproteobacteria,Caulobacterales,Hyphomonadaceae,Hellea,Otu959
Otu213,Bacteria,Proteobacteria,Alphaproteobacteria,Caulobacterales,Hyphomonadaceae,Henriciella,Otu213
Otu2014,Bacteria,Proteobacteria,Alphaproteobacteria,Caulobacterales,Hyphomonadaceae,Hyphomonas,Otu2014
Otu203,Bacteria,Proteobacteria,Alphaproteobacteria,Caulobacterales,Hyphomonadaceae,Hyphomonas,Otu203
Otu424,Bacteria,Proteobacteria,Alphaproteobacteria,Caulobacterales,Hyphomonadaceae,Hyphomonas,Otu424
Otu1333,Bacteria,Proteobacteria,Alphaproteobacteria,Caulobacterales,Hyphomonadaceae,Litorimonas,Otu1333
Otu1642,Bacteria,Proteobacteria,Alphaproteobacteria,Caulobacterales,Hyphomonadaceae,Litorimonas,Otu1642
Otu1715,Bacteria,Proteobacteria,Alphaproteobacteria,Caulobacterales,Hyphomonadaceae,Litorimonas,Otu1715
Otu224,Bacteria,Proteobacteria,Alphaproteobacteria,Caulobacterales,Hyphomonadaceae,Litorimonas,Otu224
Otu2248,Bacteria,Proteobacteria,Alphaproteobacteria,Caulobacterales,Hyphomonadaceae,Litorimonas,Otu2248
Otu1025,Bacteria,Proteobacteria,Alphaproteobacteria,Caulobacterales,Hyphomonadaceae,Maricaulis,Otu1025
Otu837,Bacteria,Proteobacteria,Alphaproteobacteria,Caulobacterales,Hyphomonadaceae,Maricaulis,Otu837
Otu614,Bacteria,Proteobacteria,Alphaproteobacteria,Caulobacterales,Hyphomonadaceae,Oceanicaulis,Otu614
Otu677,Bacteria,Proteobacteria,Alphaproteobacteria,Caulobacterales,Hyphomonadaceae,Oceanicaulis,Otu677
Otu1829,Bacteria,Proteobacteria,Alphaproteobacteria,Caulobacterales,Hyphomonadaceae,Ponticaulis,Otu1829
Otu562,Bacteria,Proteobacteria,Alphaproteobacteria,Caulobacterales,Hyphomonadaceae,Ponticaulis,Otu562
Otu1274,Bacteria,Proteobacteria,Alphaproteobacteria,Caulobacterales,Hyphomonadaceae,Robiginitomaculum,Otu1274
Otu1365,Bacteria,Proteobacteria,Alphaproteobacteria,Caulobacterales,Hyphomonadaceae,Robiginitomaculum,Otu1365
Otu1391,Bacteria,Proteobacteria,Alphaproteobacteria,Caulobacterales,Hyphomonadaceae,Robiginitomaculum,Otu1391
Otu1410,Bacteria,Proteobacteria,Alphaproteobacteria,Caulobacterales,Hyphomonadaceae,Robiginitomaculum,Otu1410
Otu1968,Bacteria,Proteobacteria,Alphaproteobacteria,Caulobacterales,Hyphomonadaceae,Robiginitomaculum,Otu1968
Otu2215,Bacteria,Proteobacteria,Alphaproteobacteria,Caulobacterales,Hyphomonadaceae,Robiginitomaculum,Otu2215
Otu686,Bacteria,Proteobacteria,Alphaproteobacteria,Caulobacterales,Hyphomonadaceae,Robiginitomaculum,Otu686
Otu825,Bacteria,Proteobacteria,Alphaproteobacteria,Caulobacterales,Hyphomonadaceae,Robiginitomaculum,Otu825
Otu1150,Bacteria,Proteobacteria,Alphaproteobacteria,Caulobacterales,Hyphomonadaceae,Woodsholea,Otu1150
Otu1953,Bacteria,Proteobacteria,Alphaproteobacteria,Caulobacterales,Hyphomonadaceae,Woodsholea,Otu1953
Otu2209,Bacteria,Proteobacteria,Alphaproteobacteria,Caulobacterales,Hyphomonadaceae,Woodsholea,Otu2209
Otu2212,Bacteria,Proteobacteria,Alphaproteobacteria,Caulobacterales,Hyphomonadaceae,Woodsholea,Otu2212
Otu1421,Bacteria,Proteobacteria,Alphaproteobacteria,Eilatimonas,Eilatimonas,Eilatimonas,Otu1421
Otu287,Bacteria,Proteobacteria,Alphaproteobacteria,Eilatimonas,Eilatimonas,Eilatimonas,Otu287
Otu694,Bacteria,Proteobacteria,Alphaproteobacteria,Kiloniellales,Kiloniellaceae,Kiloniella,Otu694
Otu1201,Bacteria,Proteobacteria,Alphaproteobacteria,Kordiimonadales,Kordiimonadaceae,Kordiimonas,Otu1201
Otu1210,Bacteria,Proteobacteria,Alphaproteobacteria,Kordiimonadales,Kordiimonadaceae,Kordiimonas,Otu1210
Otu1999,Bacteria,Proteobacteria,Alphaproteobacteria,Kordiimonadales,Kordiimonadaceae,Kordiimonas,Otu1999
Otu2131,Bacteria,Proteobacteria,Alphaproteobacteria,Kordiimonadales,Kordiimonadaceae,Kordiimonas,Otu2131
Otu234,Bacteria,Proteobacteria,Alphaproteobacteria,Kordiimonadales,Kordiimonadaceae,Kordiimonas,Otu234
Otu325,Bacteria,Proteobacteria,Alphaproteobacteria,Kordiimonadales,Kordiimonadaceae,Kordiimonas,Otu325
Otu329,Bacteria,Proteobacteria,Alphaproteobacteria,Kordiimonadales,Kordiimonadaceae,Kordiimonas,Otu329
Otu409,Bacteria,Proteobacteria,Alphaproteobacteria,Kordiimonadales,Kordiimonadaceae,Kordiimonas,Otu409
Otu1107,Bacteria,Proteobacteria,Alphaproteobacteria,Kordiimonadales,Temperatibacteraceae,Temperatibacter,Otu1107
Otu1469,Bacteria,Proteobacteria,Alphaproteobacteria,Kordiimonadales,Temperatibacteraceae,Temperatibacter,Otu1469
Otu2017,Bacteria,Proteobacteria,Alphaproteobacteria,Kordiimonadales,Temperatibacteraceae,Temperatibacter,Otu2017
Otu2043,Bacteria,Proteobacteria,Alphaproteobacteria,Kordiimonadales,Temperatibacteraceae,Temperatibacter,Otu2043
Otu582,Bacteria,Proteobacteria,Alphaproteobacteria,Kordiimonadales,Temperatibacteraceae,Temperatibacter,Otu582
Otu1067,Bacteria,Proteobacteria,Alphaproteobacteria,Magnetococcales,Magnetococcaceae,Magnetococcus,Otu1067
Otu1508,Bacteria,Proteobacteria,Alphaproteobacteria,Parvularculales,Parvularculaceae,Parvularcula,Otu1508
Otu1694,Bacteria,Proteobacteria,Alphaproteobacteria,Parvularculales,Parvularculaceae,Parvularcula,Otu1694
Otu718,Bacteria,Proteobacteria,Alphaproteobacteria,Parvularculales,Parvularculaceae,Parvularcula,Otu718
Otu876,Bacteria,Proteobacteria,Alphaproteobacteria,Parvularculales,Parvularculaceae,Parvularcula,Otu876
Otu1854,Bacteria,Proteobacteria,Alphaproteobacteria,Rhizobiales,Beijerinckiaceae,Chelatococcus,Otu1854
Otu1475,Bacteria,Proteobacteria,Alphaproteobacteria,Rhizobiales,Beijerinckiaceae,Methylovirgula,Otu1475
Otu1478,Bacteria,Proteobacteria,Alphaproteobacteria,Rhizobiales,Bradyrhizobiaceae,Bosea,Otu1478
Otu2044,Bacteria,Proteobacteria,Alphaproteobacteria,Rhizobiales,Bradyrhizobiaceae,Bosea,Otu2044
Otu650,Bacteria,Proteobacteria,Alphaproteobacteria,Rhizobiales,Bradyrhizobiaceae,Bradyrhizobium,Otu650
Otu1038,Bacteria,Proteobacteria,Alphaproteobacteria,Rhizobiales,Bradyrhizobiaceae,Rhodopseudomonas,Otu1038
Otu1138,Bacteria,Proteobacteria,Alphaproteobacteria,Rhizobiales,Cohaesibacteraceae,Cohaesibacter,Otu1138
Otu1942,Bacteria,Proteobacteria,Alphaproteobacteria,Rhizobiales,Hyphomicrobiaceae,Aquabacter,Otu1942
Otu1142,Bacteria,Proteobacteria,Alphaproteobacteria,Rhizobiales,Hyphomicrobiaceae,Cucumibacter,Otu1142
Otu1233,Bacteria,Proteobacteria,Alphaproteobacteria,Rhizobiales,Hyphomicrobiaceae,Cucumibacter,Otu1233
Otu2216,Bacteria,Proteobacteria,Alphaproteobacteria,Rhizobiales,Hyphomicrobiaceae,Cucumibacter,Otu2216
Otu412,Bacteria,Proteobacteria,Alphaproteobacteria,Rhizobiales,Hyphomicrobiaceae,Cucumibacter,Otu412
Otu318,Bacteria,Proteobacteria,Alphaproteobacteria,Rhizobiales,Hyphomicrobiaceae,Devosia,Otu318
Otu1875,Bacteria,Proteobacteria,Alphaproteobacteria,Rhizobiales,Hyphomicrobiaceae,Filomicrobium,Otu1875
Otu447,Bacteria,Proteobacteria,Alphaproteobacteria,Rhizobiales,Hyphomicrobiaceae,Filomicrobium,Otu447
Otu751,Bacteria,Proteobacteria,Alphaproteobacteria,Rhizobiales,Hyphomicrobiaceae,Filomicrobium,Otu751
Otu1728,Bacteria,Proteobacteria,Alphaproteobacteria,Rhizobiales,Hyphomicrobiaceae,Hyphomicrobium,Otu1728
Otu1976,Bacteria,Proteobacteria,Alphaproteobacteria,Rhizobiales,Methylobacteriaceae,Methylobacterium,Otu1976
Otu952,Bacteria,Proteobacteria,Alphaproteobacteria,Rhizobiales,Methylobacteriaceae,Methylobacterium,Otu952
Otu1307,Bacteria,Proteobacteria,Alphaproteobacteria,Rhizobiales,Methylocystaceae,Terasakiella,Otu1307
Otu408,Bacteria,Proteobacteria,Alphaproteobacteria,Rhizobiales,Methylocystaceae,Terasakiella,Otu408
Otu482,Bacteria,Proteobacteria,Alphaproteobacteria,Rhizobiales,Methylocystaceae,Terasakiella,Otu482
Otu104,Bacteria,Proteobacteria,Alphaproteobacteria,Rhizobiales,Phyllobacteriaceae,Hoeflea,Otu104
Otu1220,Bacteria,Proteobacteria,Alphaproteobacteria,Rhizobiales,Phyllobacteriaceae,Lentilitoribacter,Otu1220
Otu1249,Bacteria,Proteobacteria,Alphaproteobacteria,Rhizobiales,Phyllobacteriaceae,Lentilitoribacter,Otu1249
Otu1310,Bacteria,Proteobacteria,Alphaproteobacteria,Rhizobiales,Phyllobacteriaceae,Lentilitoribacter,Otu1310
Otu94,Bacteria,Proteobacteria,Alphaproteobacteria,Rhizobiales,Phyllobacteriaceae,Lentilitoribacter,Otu94
Otu1635,Bacteria,Proteobacteria,Alphaproteobacteria,Rhizobiales,Phyllobacteriaceae,Mesorhizobium,Otu1635
Otu896,Bacteria,Proteobacteria,Alphaproteobacteria,Rhizobiales,Phyllobacteriaceae,Nitratireductor,Otu896
Otu392,Bacteria,Proteobacteria,Alphaproteobacteria,Rhizobiales,Phyllobacteriaceae,Pseudahrensia,Otu392
Otu1231,Bacteria,Proteobacteria,Alphaproteobacteria,Rhizobiales,Rhizobiaceae,Ensifer,Otu1231
Otu1451,Bacteria,Proteobacteria,Alphaproteobacteria,Rhizobiales,Rhizobiaceae,Rhizobium,Otu1451
Otu942,Bacteria,Proteobacteria,Alphaproteobacteria,Rhizobiales,Rhizobiaceae,Rhizobium,Otu942
Otu1188,Bacteria,Proteobacteria,Alphaproteobacteria,Rhizobiales,Rhizobiales_incertae_sedis,Bauldia,Otu1188
Otu1294,Bacteria,Proteobacteria,Alphaproteobacteria,Rhizobiales,Rhizobiales_incertae_sedis,Bauldia,Otu1294
Otu1913,Bacteria,Proteobacteria,Alphaproteobacteria,Rhizobiales,Rhizobiales_incertae_sedis,Bauldia,Otu1913
Otu596,Bacteria,Proteobacteria,Alphaproteobacteria,Rhizobiales,Rhizobiales_incertae_sedis,Phreatobacter,Otu596
Otu1876,Bacteria,Proteobacteria,Alphaproteobacteria,Rhizobiales,Rhizobiales_incertae_sedis,Variibacter,Otu1876
Otu1985,Bacteria,Proteobacteria,Alphaproteobacteria,Rhizobiales,Rhodobiaceae,Anderseniella,Otu1985
Otu775,Bacteria,Proteobacteria,Alphaproteobacteria,Rhizobiales,Rhodobiaceae,Anderseniella,Otu775
Otu822,Bacteria,Proteobacteria,Alphaproteobacteria,Rhizobiales,Rhodobiaceae,Anderseniella,Otu822
Otu1617,Bacteria,Proteobacteria,Alphaproteobacteria,Rhizobiales,Rhodobiaceae,Dichotomicrobium,Otu1617
Otu2197,Bacteria,Proteobacteria,Alphaproteobacteria,Rhizobiales,Rhodobiaceae,Lutibaculum,Otu2197
Otu1856,Bacteria,Proteobacteria,Alphaproteobacteria,Rhizobiales,Rhodobiaceae,Methyloceanibacter,Otu1856
Otu1929,Bacteria,Proteobacteria,Alphaproteobacteria,Rhizobiales,Rhodobiaceae,Methyloceanibacter,Otu1929
Otu2063,Bacteria,Proteobacteria,Alphaproteobacteria,Rhizobiales,Rhodobiaceae,Methyloceanibacter,Otu2063
Otu2093,Bacteria,Proteobacteria,Alphaproteobacteria,Rhizobiales,Rhodobiaceae,Methyloceanibacter,Otu2093
Otu2153,Bacteria,Proteobacteria,Alphaproteobacteria,Rhizobiales,Rhodobiaceae,Methyloceanibacter,Otu2153
Otu352,Bacteria,Proteobacteria,Alphaproteobacteria,Rhizobiales,Rhodobiaceae,Methyloceanibacter,Otu352
Otu857,Bacteria,Proteobacteria,Alphaproteobacteria,Rhizobiales,Rhodobiaceae,Methyloceanibacter,Otu857
Otu2134,Bacteria,Proteobacteria,Alphaproteobacteria,Rhizobiales,Rhodobiaceae,Methyloligella,Otu2134
Otu160,Bacteria,Proteobacteria,Alphaproteobacteria,Rhizobiales,Rhodobiaceae,Parvibaculum,Otu160
Otu260,Bacteria,Proteobacteria,Alphaproteobacteria,Rhizobiales,Rhodobiaceae,Parvibaculum,Otu260
Otu277,Bacteria,Proteobacteria,Alphaproteobacteria,Rhizobiales,Rhodobiaceae,Parvibaculum,Otu277
Otu398,Bacteria,Proteobacteria,Alphaproteobacteria,Rhizobiales,Rhodobiaceae,Parvibaculum,Otu398
Otu417,Bacteria,Proteobacteria,Alphaproteobacteria,Rhizobiales,Rhodobiaceae,Parvibaculum,Otu417
Otu466,Bacteria,Proteobacteria,Alphaproteobacteria,Rhizobiales,Rhodobiaceae,Parvibaculum,Otu466
Otu669,Bacteria,Proteobacteria,Alphaproteobacteria,Rhizobiales,Rhodobiaceae,Rhodobium,Otu669
Otu1033,Bacteria,Proteobacteria,Alphaproteobacteria,Rhizobiales,Rhodobiaceae,Roseospirillum,Otu1033
Otu2030,Bacteria,Proteobacteria,Alphaproteobacteria,Rhizobiales,Rhodobiaceae,Roseospirillum,Otu2030
Otu545,Bacteria,Proteobacteria,Alphaproteobacteria,Rhizobiales,Rhodobiaceae,Roseospirillum,Otu545
Otu1992,Bacteria,Proteobacteria,Alphaproteobacteria,Rhizobiales,Xanthobacteraceae,Labrys,Otu1992
Otu1692,Bacteria,Proteobacteria,Alphaproteobacteria,Rhizobiales,Xanthobacteraceae,Pseudolabrys,Otu1692
Otu715,Bacteria,Proteobacteria,Alphaproteobacteria,Rhizobiales,Xanthobacteraceae,Pseudoxanthobacter,Otu715
Otu2111,Bacteria,Proteobacteria,Alphaproteobacteria,Rhodobacterales,Rhodobacteraceae,Aestuariivita,Otu2111
Otu1477,Bacteria,Proteobacteria,Alphaproteobacteria,Rhodobacterales,Rhodobacteraceae,Agaricicola,Otu1477
Otu1698,Bacteria,Proteobacteria,Alphaproteobacteria,Rhodobacterales,Rhodobacteraceae,Ahrensia,Otu1698
Otu1532,Bacteria,Proteobacteria,Alphaproteobacteria,Rhodobacterales,Rhodobacteraceae,Albidovulum,Otu1532
Otu977,Bacteria,Proteobacteria,Alphaproteobacteria,Rhodobacterales,Rhodobacteraceae,Albidovulum,Otu977
Otu2223,Bacteria,Proteobacteria,Alphaproteobacteria,Rhodobacterales,Rhodobacteraceae,Albimonas,Otu2223
Otu873,Bacteria,Proteobacteria,Alphaproteobacteria,Rhodobacterales,Rhodobacteraceae,Albimonas,Otu873
Otu349,Bacteria,Proteobacteria,Alphaproteobacteria,Rhodobacterales,Rhodobacteraceae,Aliiroseovarius,Otu349
Otu371,Bacteria,Proteobacteria,Alphaproteobacteria,Rhodobacterales,Rhodobacteraceae,Amaricoccus,Otu371
Otu137,Bacteria,Proteobacteria,Alphaproteobacteria,Rhodobacterales,Rhodobacteraceae,Amylibacter,Otu137
Otu1483,Bacteria,Proteobacteria,Alphaproteobacteria,Rhodobacterales,Rhodobacteraceae,Celeribacter,Otu1483
Otu625,Bacteria,Proteobacteria,Alphaproteobacteria,Rhodobacterales,Rhodobacteraceae,Cereibacter,Otu625
Otu636,Bacteria,Proteobacteria,Alphaproteobacteria,Rhodobacterales,Rhodobacteraceae,Cereibacter,Otu636
Otu131,Bacteria,Proteobacteria,Alphaproteobacteria,Rhodobacterales,Rhodobacteraceae,Defluviimonas,Otu131
Otu774,Bacteria,Proteobacteria,Alphaproteobacteria,Rhodobacterales,Rhodobacteraceae,Defluviimonas,Otu774
Otu375,Bacteria,Proteobacteria,Alphaproteobacteria,Rhodobacterales,Rhodobacteraceae,Falsirhodobacter,Otu375
Otu183,Bacteria,Proteobacteria,Alphaproteobacteria,Rhodobacterales,Rhodobacteraceae,Frigidibacter,Otu183
Otu800,Bacteria,Proteobacteria,Alphaproteobacteria,Rhodobacterales,Rhodobacteraceae,Frigidibacter,Otu800
Otu1230,Bacteria,Proteobacteria,Alphaproteobacteria,Rhodobacterales,Rhodobacteraceae,Gaetbulicola,Otu1230
Otu601,Bacteria,Proteobacteria,Alphaproteobacteria,Rhodobacterales,Rhodobacteraceae,Gemmobacter,Otu601
Otu1937,Bacteria,Proteobacteria,Alphaproteobacteria,Rhodobacterales,Rhodobacteraceae,Jannaschia,Otu1937
Otu228,Bacteria,Proteobacteria,Alphaproteobacteria,Rhodobacterales,Rhodobacteraceae,Jannaschia,Otu228
Otu286,Bacteria,Proteobacteria,Alphaproteobacteria,Rhodobacterales,Rhodobacteraceae,Labrenzia,Otu286
Otu464,Bacteria,Proteobacteria,Alphaproteobacteria,Rhodobacterales,Rhodobacteraceae,Labrenzia,Otu464
Otu1612,Bacteria,Proteobacteria,Alphaproteobacteria,Rhodobacterales,Rhodobacteraceae,Lentibacter,Otu1612
Otu416,Bacteria,Proteobacteria,Alphaproteobacteria,Rhodobacterales,Rhodobacteraceae,Litoreibacter,Otu416
Otu2252,Bacteria,Proteobacteria,Alphaproteobacteria,Rhodobacterales,Rhodobacteraceae,Litorimicrobium,Otu2252
Otu170,Bacteria,Proteobacteria,Alphaproteobacteria,Rhodobacterales,Rhodobacteraceae,Marivita,Otu170
Otu175,Bacteria,Proteobacteria,Alphaproteobacteria,Rhodobacterales,Rhodobacteraceae,Marivita,Otu175
Otu608,Bacteria,Proteobacteria,Alphaproteobacteria,Rhodobacterales,Rhodobacteraceae,Nesiotobacter,Otu608
Otu933,Bacteria,Proteobacteria,Alphaproteobacteria,Rhodobacterales,Rhodobacteraceae,Nesiotobacter,Otu933
Otu1772,Bacteria,Proteobacteria,Alphaproteobacteria,Rhodobacterales,Rhodobacteraceae,Nioella,Otu1772
Otu404,Bacteria,Proteobacteria,Alphaproteobacteria,Rhodobacterales,Rhodobacteraceae,Pacificibacter,Otu404
Otu602,Bacteria,Proteobacteria,Alphaproteobacteria,Rhodobacterales,Rhodobacteraceae,Paenirhodobacter,Otu602
Otu216,Bacteria,Proteobacteria,Alphaproteobacteria,Rhodobacterales,Rhodobacteraceae,Pelagicola,Otu216
Otu1685,Bacteria,Proteobacteria,Alphaproteobacteria,Rhodobacterales,Rhodobacteraceae,Planktomarina,Otu1685
Otu1355,Bacteria,Proteobacteria,Alphaproteobacteria,Rhodobacterales,Rhodobacteraceae,Pseudohalocynthiibacter,Otu1355
Otu179,Bacteria,Proteobacteria,Alphaproteobacteria,Rhodobacterales,Rhodobacteraceae,Pseudohalocynthiibacter,Otu179
Otu929,Bacteria,Proteobacteria,Alphaproteobacteria,Rhodobacterales,Rhodobacteraceae,Pseudooctadecabacter,Otu929
Otu266,Bacteria,Proteobacteria,Alphaproteobacteria,Rhodobacterales,Rhodobacteraceae,Pseudovibrio,Otu266
Otu1466,Bacteria,Proteobacteria,Alphaproteobacteria,Rhodobacterales,Rhodobacteraceae,Rhodothalassium,Otu1466
Otu1954,Bacteria,Proteobacteria,Alphaproteobacteria,Rhodobacterales,Rhodobacteraceae,Rhodothalassium,Otu1954
Otu2004,Bacteria,Proteobacteria,Alphaproteobacteria,Rhodobacterales,Rhodobacteraceae,Rhodothalassium,Otu2004
Otu2094,Bacteria,Proteobacteria,Alphaproteobacteria,Rhodobacterales,Rhodobacteraceae,Rhodothalassium,Otu2094
Otu908,Bacteria,Proteobacteria,Alphaproteobacteria,Rhodobacterales,Rhodobacteraceae,Rhodovulum,Otu908
Otu893,Bacteria,Proteobacteria,Alphaproteobacteria,Rhodobacterales,Rhodobacteraceae,Roseibacterium,Otu893
Otu1600,Bacteria,Proteobacteria,Alphaproteobacteria,Rhodobacterales,Rhodobacteraceae,Roseicitreum,Otu1600
Otu176,Bacteria,Proteobacteria,Alphaproteobacteria,Rhodobacterales,Rhodobacteraceae,Roseicitreum,Otu176
Otu964,Bacteria,Proteobacteria,Alphaproteobacteria,Rhodobacterales,Rhodobacteraceae,Roseicitreum,Otu964
Otu2246,Bacteria,Proteobacteria,Alphaproteobacteria,Rhodobacterales,Rhodobacteraceae,Roseicyclus,Otu2246
Otu831,Bacteria,Proteobacteria,Alphaproteobacteria,Rhodobacterales,Rhodobacteraceae,Roseicyclus,Otu831
Otu932,Bacteria,Proteobacteria,Alphaproteobacteria,Rhodobacterales,Rhodobacteraceae,Roseicyclus,Otu932
Otu113,Bacteria,Proteobacteria,Alphaproteobacteria,Rhodobacterales,Rhodobacteraceae,Roseovarius,Otu113
Otu1423,Bacteria,Proteobacteria,Alphaproteobacteria,Rhodobacterales,Rhodobacteraceae,Roseovarius,Otu1423
Otu2031,Bacteria,Proteobacteria,Alphaproteobacteria,Rhodobacterales,Rhodobacteraceae,Roseovarius,Otu2031
Otu536,Bacteria,Proteobacteria,Alphaproteobacteria,Rhodobacterales,Rhodobacteraceae,Roseovarius,Otu536
Otu68,Bacteria,Proteobacteria,Alphaproteobacteria,Rhodobacterales,Rhodobacteraceae,Roseovarius,Otu68
Otu888,Bacteria,Proteobacteria,Alphaproteobacteria,Rhodobacterales,Rhodobacteraceae,Roseovarius,Otu888
Otu1720,Bacteria,Proteobacteria,Alphaproteobacteria,Rhodobacterales,Rhodobacteraceae,Ruegeria,Otu1720
Otu326,Bacteria,Proteobacteria,Alphaproteobacteria,Rhodobacterales,Rhodobacteraceae,Ruegeria,Otu326
Otu410,Bacteria,Proteobacteria,Alphaproteobacteria,Rhodobacterales,Rhodobacteraceae,Ruegeria,Otu410
Otu2117,Bacteria,Proteobacteria,Alphaproteobacteria,Rhodobacterales,Rhodobacteraceae,Salipiger,Otu2117
Otu257,Bacteria,Proteobacteria,Alphaproteobacteria,Rhodobacterales,Rhodobacteraceae,Shimia,Otu257
Otu2001,Bacteria,Proteobacteria,Alphaproteobacteria,Rhodobacterales,Rhodobacteraceae,Sulfitobacter,Otu2001
Otu1243,Bacteria,Proteobacteria,Alphaproteobacteria,Rhodobacterales,Rhodobacteraceae,Tateyamaria,Otu1243
Otu1413,Bacteria,Proteobacteria,Alphaproteobacteria,Rhodobacterales,Rhodobacteraceae,Tropicibacter,Otu1413
Otu1873,Bacteria,Proteobacteria,Alphaproteobacteria,Rhodobacterales,Rhodobacteraceae,Tropicibacter,Otu1873
Otu1859,Bacteria,Proteobacteria,Alphaproteobacteria,Rhodospirillales,Acetobacteraceae,Endobacter,Otu1859
Otu1947,Bacteria,Proteobacteria,Alphaproteobacteria,Rhodospirillales,Acetobacteraceae,Nguyenibacter,Otu1947
Otu547,Bacteria,Proteobacteria,Alphaproteobacteria,Rhodospirillales,Acetobacteraceae,Roseococcus,Otu547
Otu1162,Bacteria,Proteobacteria,Alphaproteobacteria,Rhodospirillales,Acetobacteraceae,Roseomonas,Otu1162
Otu66,Bacteria,Proteobacteria,Alphaproteobacteria,Rhodospirillales,Acetobacteraceae,Saccharibacter,Otu66
Otu1068,Bacteria,Proteobacteria,Alphaproteobacteria,Rhodospirillales,Rhodospirillaceae,Aestuariispira,Otu1068
Otu123,Bacteria,Proteobacteria,Alphaproteobacteria,Rhodospirillales,Rhodospirillaceae,Aestuariispira,Otu123
Otu1523,Bacteria,Proteobacteria,Alphaproteobacteria,Rhodospirillales,Rhodospirillaceae,Aestuariispira,Otu1523
Otu432,Bacteria,Proteobacteria,Alphaproteobacteria,Rhodospirillales,Rhodospirillaceae,Aestuariispira,Otu432
Otu554,Bacteria,Proteobacteria,Alphaproteobacteria,Rhodospirillales,Rhodospirillaceae,Aestuariispira,Otu554
Otu700,Bacteria,Proteobacteria,Alphaproteobacteria,Rhodospirillales,Rhodospirillaceae,Aestuariispira,Otu700
Otu801,Bacteria,Proteobacteria,Alphaproteobacteria,Rhodospirillales,Rhodospirillaceae,Aestuariispira,Otu801
Otu832,Bacteria,Proteobacteria,Alphaproteobacteria,Rhodospirillales,Rhodospirillaceae,Aestuariispira,Otu832
Otu869,Bacteria,Proteobacteria,Alphaproteobacteria,Rhodospirillales,Rhodospirillaceae,Aestuariispira,Otu869
Otu2112,Bacteria,Proteobacteria,Alphaproteobacteria,Rhodospirillales,Rhodospirillaceae,Elstera,Otu2112
Otu1061,Bacteria,Proteobacteria,Alphaproteobacteria,Rhodospirillales,Rhodospirillaceae,Lacibacterium,Otu1061
Otu1074,Bacteria,Proteobacteria,Alphaproteobacteria,Rhodospirillales,Rhodospirillaceae,Lacibacterium,Otu1074
Otu1078,Bacteria,Proteobacteria,Alphaproteobacteria,Rhodospirillales,Rhodospirillaceae,Lacibacterium,Otu1078
Otu1204,Bacteria,Proteobacteria,Alphaproteobacteria,Rhodospirillales,Rhodospirillaceae,Lacibacterium,Otu1204
Otu1289,Bacteria,Proteobacteria,Alphaproteobacteria,Rhodospirillales,Rhodospirillaceae,Lacibacterium,Otu1289
Otu132,Bacteria,Proteobacteria,Alphaproteobacteria,Rhodospirillales,Rhodospirillaceae,Lacibacterium,Otu132
Otu1347,Bacteria,Proteobacteria,Alphaproteobacteria,Rhodospirillales,Rhodospirillaceae,Lacibacterium,Otu1347
Otu1882,Bacteria,Proteobacteria,Alphaproteobacteria,Rhodospirillales,Rhodospirillaceae,Lacibacterium,Otu1882
Otu1977,Bacteria,Proteobacteria,Alphaproteobacteria,Rhodospirillales,Rhodospirillaceae,Lacibacterium,Otu1977
Otu200,Bacteria,Proteobacteria,Alphaproteobacteria,Rhodospirillales,Rhodospirillaceae,Lacibacterium,Otu200
Otu2204,Bacteria,Proteobacteria,Alphaproteobacteria,Rhodospirillales,Rhodospirillaceae,Lacibacterium,Otu2204
Otu226,Bacteria,Proteobacteria,Alphaproteobacteria,Rhodospirillales,Rhodospirillaceae,Lacibacterium,Otu226
Otu616,Bacteria,Proteobacteria,Alphaproteobacteria,Rhodospirillales,Rhodospirillaceae,Lacibacterium,Otu616
Otu674,Bacteria,Proteobacteria,Alphaproteobacteria,Rhodospirillales,Rhodospirillaceae,Lacibacterium,Otu674
Otu705,Bacteria,Proteobacteria,Alphaproteobacteria,Rhodospirillales,Rhodospirillaceae,Lacibacterium,Otu705
Otu913,Bacteria,Proteobacteria,Alphaproteobacteria,Rhodospirillales,Rhodospirillaceae,Lacibacterium,Otu913
Otu1556,Bacteria,Proteobacteria,Alphaproteobacteria,Rhodospirillales,Rhodospirillaceae,Limimonas,Otu1556
Otu1881,Bacteria,Proteobacteria,Alphaproteobacteria,Rhodospirillales,Rhodospirillaceae,Limimonas,Otu1881
Otu542,Bacteria,Proteobacteria,Alphaproteobacteria,Rhodospirillales,Rhodospirillaceae,Limimonas,Otu542
Otu958,Bacteria,Proteobacteria,Alphaproteobacteria,Rhodospirillales,Rhodospirillaceae,Limimonas,Otu958
Otu126,Bacteria,Proteobacteria,Alphaproteobacteria,Rhodospirillales,Rhodospirillaceae,Magnetospira,Otu126
Otu1409,Bacteria,Proteobacteria,Alphaproteobacteria,Rhodospirillales,Rhodospirillaceae,Magnetospira,Otu1409
Otu1909,Bacteria,Proteobacteria,Alphaproteobacteria,Rhodospirillales,Rhodospirillaceae,Magnetospira,Otu1909
Otu354,Bacteria,Proteobacteria,Alphaproteobacteria,Rhodospirillales,Rhodospirillaceae,Magnetospira,Otu354
Otu358,Bacteria,Proteobacteria,Alphaproteobacteria,Rhodospirillales,Rhodospirillaceae,Magnetospira,Otu358
Otu489,Bacteria,Proteobacteria,Alphaproteobacteria,Rhodospirillales,Rhodospirillaceae,Magnetospira,Otu489
Otu930,Bacteria,Proteobacteria,Alphaproteobacteria,Rhodospirillales,Rhodospirillaceae,Magnetospira,Otu930
Otu407,Bacteria,Proteobacteria,Alphaproteobacteria,Rhodospirillales,Rhodospirillaceae,Magnetospirillum,Otu407
Otu1962,Bacteria,Proteobacteria,Alphaproteobacteria,Rhodospirillales,Rhodospirillaceae,Magnetovibrio,Otu1962
Otu1978,Bacteria,Proteobacteria,Alphaproteobacteria,Rhodospirillales,Rhodospirillaceae,Magnetovibrio,Otu1978
Otu327,Bacteria,Proteobacteria,Alphaproteobacteria,Rhodospirillales,Rhodospirillaceae,Magnetovibrio,Otu327
Otu50,Bacteria,Proteobacteria,Alphaproteobacteria,Rhodospirillales,Rhodospirillaceae,Magnetovibrio,Otu50
Otu1040,Bacteria,Proteobacteria,Alphaproteobacteria,Rhodospirillales,Rhodospirillaceae,Marispirillum,Otu1040
Otu1398,Bacteria,Proteobacteria,Alphaproteobacteria,Rhodospirillales,Rhodospirillaceae,Nisaea,Otu1398
Otu193,Bacteria,Proteobacteria,Alphaproteobacteria,Rhodospirillales,Rhodospirillaceae,Nisaea,Otu193
Otu361,Bacteria,Proteobacteria,Alphaproteobacteria,Rhodospirillales,Rhodospirillaceae,Nisaea,Otu361
Otu396,Bacteria,Proteobacteria,Alphaproteobacteria,Rhodospirillales,Rhodospirillaceae,Nisaea,Otu396
Otu61,Bacteria,Proteobacteria,Alphaproteobacteria,Rhodospirillales,Rhodospirillaceae,Nisaea,Otu61
Otu1184,Bacteria,Proteobacteria,Alphaproteobacteria,Rhodospirillales,Rhodospirillaceae,Nitrospirillum,Otu1184
Otu1212,Bacteria,Proteobacteria,Alphaproteobacteria,Rhodospirillales,Rhodospirillaceae,Nitrospirillum,Otu1212
Otu1375,Bacteria,Proteobacteria,Alphaproteobacteria,Rhodospirillales,Rhodospirillaceae,Nitrospirillum,Otu1375
Otu2178,Bacteria,Proteobacteria,Alphaproteobacteria,Rhodospirillales,Rhodospirillaceae,Novispirillum,Otu2178
Otu1727,Bacteria,Proteobacteria,Alphaproteobacteria,Rhodospirillales,Rhodospirillaceae,Oceanibaculum,Otu1727
Otu178,Bacteria,Proteobacteria,Alphaproteobacteria,Rhodospirillales,Rhodospirillaceae,Oceanibaculum,Otu178
Otu1971,Bacteria,Proteobacteria,Alphaproteobacteria,Rhodospirillales,Rhodospirillaceae,Oceanibaculum,Otu1971
Otu309,Bacteria,Proteobacteria,Alphaproteobacteria,Rhodospirillales,Rhodospirillaceae,Oceanibaculum,Otu309
Otu786,Bacteria,Proteobacteria,Alphaproteobacteria,Rhodospirillales,Rhodospirillaceae,Oceanibaculum,Otu786
Otu824,Bacteria,Proteobacteria,Alphaproteobacteria,Rhodospirillales,Rhodospirillaceae,Oceanibaculum,Otu824
Otu1145,Bacteria,Proteobacteria,Alphaproteobacteria,Rhodospirillales,Rhodospirillaceae,Pelagibius,Otu1145
Otu1202,Bacteria,Proteobacteria,Alphaproteobacteria,Rhodospirillales,Rhodospirillaceae,Pelagibius,Otu1202
Otu1467,Bacteria,Proteobacteria,Alphaproteobacteria,Rhodospirillales,Rhodospirillaceae,Pelagibius,Otu1467
Otu1566,Bacteria,Proteobacteria,Alphaproteobacteria,Rhodospirillales,Rhodospirillaceae,Pelagibius,Otu1566
Otu299,Bacteria,Proteobacteria,Alphaproteobacteria,Rhodospirillales,Rhodospirillaceae,Pelagibius,Otu299
Otu1276,Bacteria,Proteobacteria,Alphaproteobacteria,Rhodospirillales,Rhodospirillaceae,Rhodospirillum,Otu1276
Otu1824,Bacteria,Proteobacteria,Alphaproteobacteria,Rhodospirillales,Rhodospirillaceae,Rhodospirillum,Otu1824
Otu49,Bacteria,Proteobacteria,Alphaproteobacteria,Rhodospirillales,Rhodospirillaceae,Rhodospirillum,Otu49
Otu843,Bacteria,Proteobacteria,Alphaproteobacteria,Rhodospirillales,Rhodospirillaceae,Rhodospirillum,Otu843
Otu1424,Bacteria,Proteobacteria,Alphaproteobacteria,Rhodospirillales,Rhodospirillaceae,Rhodovibrio,Otu1424
Otu2171,Bacteria,Proteobacteria,Alphaproteobacteria,Rhodospirillales,Rhodospirillaceae,Telmatospirillum,Otu2171
Otu912,Bacteria,Proteobacteria,Alphaproteobacteria,Rhodospirillales,Rhodospirillaceae,Telmatospirillum,Otu912
Otu1062,Bacteria,Proteobacteria,Alphaproteobacteria,Rickettsiales,Anaplasmataceae,Anaplasma,Otu1062
Otu1427,Bacteria,Proteobacteria,Alphaproteobacteria,Rickettsiales,Anaplasmataceae,Anaplasma,Otu1427
Otu1607,Bacteria,Proteobacteria,Alphaproteobacteria,Rickettsiales,Anaplasmataceae,Anaplasma,Otu1607
Otu1693,Bacteria,Proteobacteria,Alphaproteobacteria,Rickettsiales,Anaplasmataceae,Anaplasma,Otu1693
Otu1866,Bacteria,Proteobacteria,Alphaproteobacteria,Rickettsiales,Anaplasmataceae,Anaplasma,Otu1866
Otu927,Bacteria,Proteobacteria,Alphaproteobacteria,Rickettsiales,Anaplasmataceae,Anaplasma,Otu927
Otu692,Bacteria,Proteobacteria,Alphaproteobacteria,Rickettsiales,Anaplasmataceae,Neorickettsia,Otu692
Otu1095,Bacteria,Proteobacteria,Alphaproteobacteria,Rickettsiales,Rickettsiaceae,Orientia,Otu1095
Otu1248,Bacteria,Proteobacteria,Alphaproteobacteria,Rickettsiales,Rickettsiaceae,Orientia,Otu1248
Otu1486,Bacteria,Proteobacteria,Alphaproteobacteria,Rickettsiales,Rickettsiaceae,Orientia,Otu1486
Otu1760,Bacteria,Proteobacteria,Alphaproteobacteria,Rickettsiales,Rickettsiaceae,Orientia,Otu1760
Otu1952,Bacteria,Proteobacteria,Alphaproteobacteria,Rickettsiales,Rickettsiaceae,Orientia,Otu1952
Otu2038,Bacteria,Proteobacteria,Alphaproteobacteria,Rickettsiales,Rickettsiaceae,Orientia,Otu2038
Otu2141,Bacteria,Proteobacteria,Alphaproteobacteria,Rickettsiales,Rickettsiaceae,Orientia,Otu2141
Otu2235,Bacteria,Proteobacteria,Alphaproteobacteria,Rickettsiales,Rickettsiaceae,Orientia,Otu2235
Otu393,Bacteria,Proteobacteria,Alphaproteobacteria,Rickettsiales,Rickettsiaceae,Orientia,Otu393
Otu904,Bacteria,Proteobacteria,Alphaproteobacteria,Rickettsiales,Rickettsiaceae,Orientia,Otu904
Otu2214,Bacteria,Proteobacteria,Alphaproteobacteria,Rickettsiales,Rickettsiaceae,Rickettsia,Otu2214
Otu381,Bacteria,Proteobacteria,Alphaproteobacteria,Rickettsiales,Rickettsiaceae,Rickettsia,Otu381
Otu117,Bacteria,Proteobacteria,Alphaproteobacteria,SAR11,SAR11,Candidatus Pelagibacter,Otu117
Otu1238,Bacteria,Proteobacteria,Alphaproteobacteria,SAR11,SAR11,Candidatus Pelagibacter,Otu1238
Otu1619,Bacteria,Proteobacteria,Alphaproteobacteria,SAR11,SAR11,Candidatus Pelagibacter,Otu1619
Otu1994,Bacteria,Proteobacteria,Alphaproteobacteria,SAR11,SAR11,Candidatus Pelagibacter,Otu1994
Otu2107,Bacteria,Proteobacteria,Alphaproteobacteria,SAR11,SAR11,Candidatus Pelagibacter,Otu2107
Otu256,Bacteria,Proteobacteria,Alphaproteobacteria,SAR11,SAR11,Candidatus Pelagibacter,Otu256
Otu6,Bacteria,Proteobacteria,Alphaproteobacteria,SAR11,SAR11,Candidatus Pelagibacter,Otu6
Otu72,Bacteria,Proteobacteria,Alphaproteobacteria,SAR11,SAR11,Candidatus Pelagibacter,Otu72
Otu74,Bacteria,Proteobacteria,Alphaproteobacteria,SAR11,SAR11,Candidatus Pelagibacter,Otu74
Otu555,Bacteria,Proteobacteria,Alphaproteobacteria,Sneathiellales,Sneathiellaceae,Ferrovibrio,Otu555
Otu2106,Bacteria,Proteobacteria,Alphaproteobacteria,Sneathiellales,Sneathiellaceae,Oceanibacterium,Otu2106
Otu968,Bacteria,Proteobacteria,Alphaproteobacteria,Sneathiellales,Sneathiellaceae,Oceanibacterium,Otu968
Otu1046,Bacteria,Proteobacteria,Alphaproteobacteria,Sneathiellales,Sneathiellaceae,Sneathiella,Otu1046
Otu481,Bacteria,Proteobacteria,Alphaproteobacteria,Sneathiellales,Sneathiellaceae,Sneathiella,Otu481
Otu1203,Bacteria,Proteobacteria,Alphaproteobacteria,Sneathiellales,Sneathiellaceae,Taonella,Otu1203
Otu1943,Bacteria,Proteobacteria,Alphaproteobacteria,Sneathiellales,Sneathiellaceae,Taonella,Otu1943
Otu1972,Bacteria,Proteobacteria,Alphaproteobacteria,Sneathiellales,Sneathiellaceae,Taonella,Otu1972
Otu2133,Bacteria,Proteobacteria,Alphaproteobacteria,Sphingomonadales,Erythrobacteraceae,Altererythrobacter,Otu2133
Otu501,Bacteria,Proteobacteria,Alphaproteobacteria,Sphingomonadales,Erythrobacteraceae,Altererythrobacter,Otu501
Otu141,Bacteria,Proteobacteria,Alphaproteobacteria,Sphingomonadales,Erythrobacteraceae,Erythrobacter,Otu141
Otu385,Bacteria,Proteobacteria,Alphaproteobacteria,Sphingomonadales,Erythrobacteraceae,Erythrobacter,Otu385
Otu524,Bacteria,Proteobacteria,Alphaproteobacteria,Sphingomonadales,Erythrobacteraceae,Porphyrobacter,Otu524
Otu368,Bacteria,Proteobacteria,Alphaproteobacteria,Sphingomonadales,Sphingomonadaceae,Novosphingobium,Otu368
Otu384,Bacteria,Proteobacteria,Alphaproteobacteria,Sphingomonadales,Sphingomonadaceae,Novosphingobium,Otu384
Otu254,Bacteria,Proteobacteria,Alphaproteobacteria,Sphingomonadales,Sphingomonadaceae,Parasphingopyxis,Otu254
Otu603,Bacteria,Proteobacteria,Alphaproteobacteria,Sphingomonadales,Sphingomonadaceae,Rhizorhabdus,Otu603
Otu1352,Bacteria,Proteobacteria,Alphaproteobacteria,Sphingomonadales,Sphingomonadaceae,Sandaracinobacter,Otu1352
Otu1134,Bacteria,Proteobacteria,Alphaproteobacteria,Sphingomonadales,Sphingomonadaceae,Sandarakinorhabdus,Otu1134
Otu1984,Bacteria,Proteobacteria,Alphaproteobacteria,Sphingomonadales,Sphingomonadaceae,Sandarakinorhabdus,Otu1984
Otu2121,Bacteria,Proteobacteria,Alphaproteobacteria,Sphingomonadales,Sphingomonadaceae,Sandarakinorhabdus,Otu2121
Otu359,Bacteria,Proteobacteria,Alphaproteobacteria,Sphingomonadales,Sphingomonadaceae,Sandarakinorhabdus,Otu359
Otu1702,Bacteria,Proteobacteria,Alphaproteobacteria,Sphingomonadales,Sphingomonadaceae,Sphingobium,Otu1702
Otu1988,Bacteria,Proteobacteria,Alphaproteobacteria,Sphingomonadales,Sphingomonadaceae,Sphingomonas,Otu1988
Otu311,Bacteria,Proteobacteria,Alphaproteobacteria,Sphingomonadales,Sphingomonadaceae,Sphingomonas,Otu311
Otu387,Bacteria,Proteobacteria,Alphaproteobacteria,Sphingomonadales,Sphingomonadaceae,Sphingomonas,Otu387
Otu181,Bacteria,Proteobacteria,Alphaproteobacteria,Sphingomonadales,Sphingomonadaceae,Sphingorhabdus,Otu181
Otu263,Bacteria,Proteobacteria,Alphaproteobacteria,Sphingomonadales,Sphingomonadaceae,Sphingorhabdus,Otu263
Otu300,Bacteria,Proteobacteria,Alphaproteobacteria,Sphingomonadales,Sphingomonadaceae,Sphingorhabdus,Otu300
Otu471,Bacteria,Proteobacteria,Alphaproteobacteria,Sphingomonadales,Sphingomonadaceae,Sphingorhabdus,Otu471
Otu1346,Bacteria,Proteobacteria,Betaproteobacteria,Burkholderiales,Alcaligenaceae,Achromobacter,Otu1346
Otu1115,Bacteria,Proteobacteria,Betaproteobacteria,Burkholderiales,Burkholderiaceae,Burkholderia,Otu1115
Otu79,Bacteria,Proteobacteria,Betaproteobacteria,Burkholderiales,Burkholderiaceae,Limnobacter,Otu79
Otu185,Bacteria,Proteobacteria,Betaproteobacteria,Burkholderiales,Burkholderiaceae,Polynucleobacter,Otu185
Otu350,Bacteria,Proteobacteria,Betaproteobacteria,Burkholderiales,Burkholderiales_incertae_sedis,Ideonella,Otu350
Otu855,Bacteria,Proteobacteria,Betaproteobacteria,Burkholderiales,Burkholderiales_incertae_sedis,Rivibacter,Otu855
Otu2210,Bacteria,Proteobacteria,Betaproteobacteria,Burkholderiales,Burkholderiales_incertae_sedis,Rubrivivax,Otu2210
Otu802,Bacteria,Proteobacteria,Betaproteobacteria,Burkholderiales,Burkholderiales_incertae_sedis,Tepidimonas,Otu802
Otu936,Bacteria,Proteobacteria,Betaproteobacteria,Burkholderiales,Comamonadaceae,Hydrogenophaga,Otu936
Otu219,Bacteria,Proteobacteria,Betaproteobacteria,Burkholderiales,Comamonadaceae,Polaromonas,Otu219
Otu1636,Bacteria,Proteobacteria,Betaproteobacteria,Burkholderiales,Comamonadaceae,Tepidicella,Otu1636
Otu332,Bacteria,Proteobacteria,Betaproteobacteria,Burkholderiales,Comamonadaceae,Variovorax,Otu332
Otu344,Bacteria,Proteobacteria,Betaproteobacteria,Burkholderiales,Oxalobacteraceae,Herbaspirillum,Otu344
Otu1135,Bacteria,Proteobacteria,Betaproteobacteria,Burkholderiales,Oxalobacteraceae,Janthinobacterium,Otu1135
Otu1345,Bacteria,Proteobacteria,Betaproteobacteria,Burkholderiales,Oxalobacteraceae,Oxalicibacterium,Otu1345
Otu1539,Bacteria,Proteobacteria,Betaproteobacteria,Chitinivorax,Chitinivorax,Chitinivorax,Otu1539
Otu429,Bacteria,Proteobacteria,Betaproteobacteria,Gallionellales,Gallionellaceae,Sideroxydans,Otu429
Otu738,Bacteria,Proteobacteria,Betaproteobacteria,Gallionellales,Gallionellaceae,Sideroxydans,Otu738
Otu768,Bacteria,Proteobacteria,Betaproteobacteria,Methylophilales,Methylophilaceae,Methylobacillus,Otu768
Otu38,Bacteria,Proteobacteria,Betaproteobacteria,Methylophilales,Methylophilaceae,Methylophilus,Otu38
Otu1499,Bacteria,Proteobacteria,Betaproteobacteria,Methylophilales,Methylophilaceae,Methylotenera,Otu1499
Otu30,Bacteria,Proteobacteria,Betaproteobacteria,Methylophilales,Methylophilaceae,Methylotenera,Otu30
Otu981,Bacteria,Proteobacteria,Betaproteobacteria,Methylophilales,Methylophilaceae,Methylotenera,Otu981
Otu1288,Bacteria,Proteobacteria,Betaproteobacteria,Nitrosomonadales,Nitrosomonadaceae,Nitrosomonas,Otu1288
Otu1711,Bacteria,Proteobacteria,Betaproteobacteria,Nitrosomonadales,Nitrosomonadaceae,Nitrosospira,Otu1711
Otu136,Bacteria,Proteobacteria,Betaproteobacteria,Rhodocyclales,Rhodocyclaceae,Azonexus,Otu136
Otu1659,Bacteria,Proteobacteria,Betaproteobacteria,Rhodocyclales,Rhodocyclaceae,Azonexus,Otu1659
Otu1912,Bacteria,Proteobacteria,Deltaproteobacteria,Bdellovibrionales,Bacteriovoracaceae,Bacteriovorax,Otu1912
Otu120,Bacteria,Proteobacteria,Deltaproteobacteria,Bdellovibrionales,Bacteriovoracaceae,Halobacteriovorax,Otu120
Otu1225,Bacteria,Proteobacteria,Deltaproteobacteria,Bdellovibrionales,Bacteriovoracaceae,Halobacteriovorax,Otu1225
Otu1227,Bacteria,Proteobacteria,Deltaproteobacteria,Bdellovibrionales,Bacteriovoracaceae,Halobacteriovorax,Otu1227
Otu1587,Bacteria,Proteobacteria,Deltaproteobacteria,Bdellovibrionales,Bacteriovoracaceae,Halobacteriovorax,Otu1587
Otu1624,Bacteria,Proteobacteria,Deltaproteobacteria,Bdellovibrionales,Bacteriovoracaceae,Halobacteriovorax,Otu1624
Otu1701,Bacteria,Proteobacteria,Deltaproteobacteria,Bdellovibrionales,Bacteriovoracaceae,Halobacteriovorax,Otu1701
Otu1741,Bacteria,Proteobacteria,Deltaproteobacteria,Bdellovibrionales,Bacteriovoracaceae,Halobacteriovorax,Otu1741
Otu1820,Bacteria,Proteobacteria,Deltaproteobacteria,Bdellovibrionales,Bacteriovoracaceae,Halobacteriovorax,Otu1820
Otu1837,Bacteria,Proteobacteria,Deltaproteobacteria,Bdellovibrionales,Bacteriovoracaceae,Halobacteriovorax,Otu1837
Otu1899,Bacteria,Proteobacteria,Deltaproteobacteria,Bdellovibrionales,Bacteriovoracaceae,Halobacteriovorax,Otu1899
Otu1983,Bacteria,Proteobacteria,Deltaproteobacteria,Bdellovibrionales,Bacteriovoracaceae,Halobacteriovorax,Otu1983
Otu2013,Bacteria,Proteobacteria,Deltaproteobacteria,Bdellovibrionales,Bacteriovoracaceae,Halobacteriovorax,Otu2013
Otu202,Bacteria,Proteobacteria,Deltaproteobacteria,Bdellovibrionales,Bacteriovoracaceae,Halobacteriovorax,Otu202
Otu2039,Bacteria,Proteobacteria,Deltaproteobacteria,Bdellovibrionales,Bacteriovoracaceae,Halobacteriovorax,Otu2039
Otu2049,Bacteria,Proteobacteria,Deltaproteobacteria,Bdellovibrionales,Bacteriovoracaceae,Halobacteriovorax,Otu2049
Otu2083,Bacteria,Proteobacteria,Deltaproteobacteria,Bdellovibrionales,Bacteriovoracaceae,Halobacteriovorax,Otu2083
Otu2118,Bacteria,Proteobacteria,Deltaproteobacteria,Bdellovibrionales,Bacteriovoracaceae,Halobacteriovorax,Otu2118
Otu2150,Bacteria,Proteobacteria,Deltaproteobacteria,Bdellovibrionales,Bacteriovoracaceae,Halobacteriovorax,Otu2150
Otu2151,Bacteria,Proteobacteria,Deltaproteobacteria,Bdellovibrionales,Bacteriovoracaceae,Halobacteriovorax,Otu2151
Otu2241,Bacteria,Proteobacteria,Deltaproteobacteria,Bdellovibrionales,Bacteriovoracaceae,Halobacteriovorax,Otu2241
Otu2263,Bacteria,Proteobacteria,Deltaproteobacteria,Bdellovibrionales,Bacteriovoracaceae,Halobacteriovorax,Otu2263
Otu495,Bacteria,Proteobacteria,Deltaproteobacteria,Bdellovibrionales,Bacteriovoracaceae,Halobacteriovorax,Otu495
Otu511,Bacteria,Proteobacteria,Deltaproteobacteria,Bdellovibrionales,Bacteriovoracaceae,Halobacteriovorax,Otu511
Otu587,Bacteria,Proteobacteria,Deltaproteobacteria,Bdellovibrionales,Bacteriovoracaceae,Halobacteriovorax,Otu587
Otu748,Bacteria,Proteobacteria,Deltaproteobacteria,Bdellovibrionales,Bacteriovoracaceae,Halobacteriovorax,Otu748
Otu810,Bacteria,Proteobacteria,Deltaproteobacteria,Bdellovibrionales,Bacteriovoracaceae,Halobacteriovorax,Otu810
Otu84,Bacteria,Proteobacteria,Deltaproteobacteria,Bdellovibrionales,Bacteriovoracaceae,Halobacteriovorax,Otu84
Otu871,Bacteria,Proteobacteria,Deltaproteobacteria,Bdellovibrionales,Bacteriovoracaceae,Halobacteriovorax,Otu871
Otu909,Bacteria,Proteobacteria,Deltaproteobacteria,Bdellovibrionales,Bacteriovoracaceae,Halobacteriovorax,Otu909
Otu96,Bacteria,Proteobacteria,Deltaproteobacteria,Bdellovibrionales,Bacteriovoracaceae,Halobacteriovorax,Otu96
Otu972,Bacteria,Proteobacteria,Deltaproteobacteria,Bdellovibrionales,Bacteriovoracaceae,Halobacteriovorax,Otu972
Otu975,Bacteria,Proteobacteria,Deltaproteobacteria,Bdellovibrionales,Bacteriovoracaceae,Halobacteriovorax,Otu975
Otu983,Bacteria,Proteobacteria,Deltaproteobacteria,Bdellovibrionales,Bacteriovoracaceae,Halobacteriovorax,Otu983
Otu1492,Bacteria,Proteobacteria,Deltaproteobacteria,Bdellovibrionales,Bacteriovoracaceae,Peredibacter,Otu1492
Otu1695,Bacteria,Proteobacteria,Deltaproteobacteria,Bdellovibrionales,Bacteriovoracaceae,Peredibacter,Otu1695
Otu1918,Bacteria,Proteobacteria,Deltaproteobacteria,Bdellovibrionales,Bacteriovoracaceae,Peredibacter,Otu1918
Otu2236,Bacteria,Proteobacteria,Deltaproteobacteria,Bdellovibrionales,Bacteriovoracaceae,Peredibacter,Otu2236
Otu443,Bacteria,Proteobacteria,Deltaproteobacteria,Bdellovibrionales,Bacteriovoracaceae,Peredibacter,Otu443
Otu522,Bacteria,Proteobacteria,Deltaproteobacteria,Bdellovibrionales,Bacteriovoracaceae,Peredibacter,Otu522
Otu835,Bacteria,Proteobacteria,Deltaproteobacteria,Bdellovibrionales,Bacteriovoracaceae,Peredibacter,Otu835
Otu1488,Bacteria,Proteobacteria,Deltaproteobacteria,Bdellovibrionales,Bdellovibrionaceae,Bdellovibrio,Otu1488
Otu1490,Bacteria,Proteobacteria,Deltaproteobacteria,Bdellovibrionales,Bdellovibrionaceae,Bdellovibrio,Otu1490
Otu1581,Bacteria,Proteobacteria,Deltaproteobacteria,Bdellovibrionales,Bdellovibrionaceae,Bdellovibrio,Otu1581
Otu1637,Bacteria,Proteobacteria,Deltaproteobacteria,Bdellovibrionales,Bdellovibrionaceae,Bdellovibrio,Otu1637
Otu1683,Bacteria,Proteobacteria,Deltaproteobacteria,Bdellovibrionales,Bdellovibrionaceae,Bdellovibrio,Otu1683
Otu1828,Bacteria,Proteobacteria,Deltaproteobacteria,Bdellovibrionales,Bdellovibrionaceae,Bdellovibrio,Otu1828
Otu1979,Bacteria,Proteobacteria,Deltaproteobacteria,Bdellovibrionales,Bdellovibrionaceae,Bdellovibrio,Otu1979
Otu2074,Bacteria,Proteobacteria,Deltaproteobacteria,Bdellovibrionales,Bdellovibrionaceae,Bdellovibrio,Otu2074
Otu2115,Bacteria,Proteobacteria,Deltaproteobacteria,Bdellovibrionales,Bdellovibrionaceae,Bdellovibrio,Otu2115
Otu2123,Bacteria,Proteobacteria,Deltaproteobacteria,Bdellovibrionales,Bdellovibrionaceae,Bdellovibrio,Otu2123
Otu2227,Bacteria,Proteobacteria,Deltaproteobacteria,Bdellovibrionales,Bdellovibrionaceae,Bdellovibrio,Otu2227
Otu2230,Bacteria,Proteobacteria,Deltaproteobacteria,Bdellovibrionales,Bdellovibrionaceae,Bdellovibrio,Otu2230
Otu845,Bacteria,Proteobacteria,Deltaproteobacteria,Bdellovibrionales,Bdellovibrionaceae,Bdellovibrio,Otu845
Otu1500,Bacteria,Proteobacteria,Deltaproteobacteria,Bdellovibrionales,Bdellovibrionaceae,Vampirovibrio,Otu1500
Otu2085,Bacteria,Proteobacteria,Deltaproteobacteria,Bdellovibrionales,Bdellovibrionaceae,Vampirovibrio,Otu2085
Otu2164,Bacteria,Proteobacteria,Deltaproteobacteria,Bdellovibrionales,Bdellovibrionaceae,Vampirovibrio,Otu2164
Otu305,Bacteria,Proteobacteria,Deltaproteobacteria,Bdellovibrionales,Bdellovibrionaceae,Vampirovibrio,Otu305
Otu1159,Bacteria,Proteobacteria,Deltaproteobacteria,Bdellovibrionales,Pseudobacteriovoracaceae,Pseudobacteriovorax,Otu1159
Otu1277,Bacteria,Proteobacteria,Deltaproteobacteria,Bdellovibrionales,Pseudobacteriovoracaceae,Pseudobacteriovorax,Otu1277
Otu1379,Bacteria,Proteobacteria,Deltaproteobacteria,Bdellovibrionales,Pseudobacteriovoracaceae,Pseudobacteriovorax,Otu1379
Otu1485,Bacteria,Proteobacteria,Deltaproteobacteria,Bdellovibrionales,Pseudobacteriovoracaceae,Pseudobacteriovorax,Otu1485
Otu1640,Bacteria,Proteobacteria,Deltaproteobacteria,Bdellovibrionales,Pseudobacteriovoracaceae,Pseudobacteriovorax,Otu1640
Otu1719,Bacteria,Proteobacteria,Deltaproteobacteria,Bdellovibrionales,Pseudobacteriovoracaceae,Pseudobacteriovorax,Otu1719
Otu1817,Bacteria,Proteobacteria,Deltaproteobacteria,Bdellovibrionales,Pseudobacteriovoracaceae,Pseudobacteriovorax,Otu1817
Otu1851,Bacteria,Proteobacteria,Deltaproteobacteria,Bdellovibrionales,Pseudobacteriovoracaceae,Pseudobacteriovorax,Otu1851
Otu2221,Bacteria,Proteobacteria,Deltaproteobacteria,Bdellovibrionales,Pseudobacteriovoracaceae,Pseudobacteriovorax,Otu2221
Otu360,Bacteria,Proteobacteria,Deltaproteobacteria,Bdellovibrionales,Pseudobacteriovoracaceae,Pseudobacteriovorax,Otu360
Otu915,Bacteria,Proteobacteria,Deltaproteobacteria,Bdellovibrionales,Pseudobacteriovoracaceae,Pseudobacteriovorax,Otu915
Otu1257,Bacteria,Proteobacteria,Deltaproteobacteria,Bradymonadales,Bradymonadaceae,Bradymonas,Otu1257
Otu1845,Bacteria,Proteobacteria,Deltaproteobacteria,Bradymonadales,Bradymonadaceae,Bradymonas,Otu1845
Otu2162,Bacteria,Proteobacteria,Deltaproteobacteria,Bradymonadales,Bradymonadaceae,Bradymonas,Otu2162
Otu573,Bacteria,Proteobacteria,Deltaproteobacteria,Bradymonadales,Bradymonadaceae,Bradymonas,Otu573
Otu887,Bacteria,Proteobacteria,Deltaproteobacteria,Bradymonadales,Bradymonadaceae,Bradymonas,Otu887
Otu940,Bacteria,Proteobacteria,Deltaproteobacteria,Deltaproteobacteria_incertae_sedis,Deferrisoma,Deferrisoma,Otu940
Otu1536,Bacteria,Proteobacteria,Deltaproteobacteria,Deltaproteobacteria_incertae_sedis,Dissulfuribacter,Dissulfuribacter,Otu1536
Otu812,Bacteria,Proteobacteria,Deltaproteobacteria,Deltaproteobacteria_incertae_sedis,Dissulfuribacter,Dissulfuribacter,Otu812
Otu1838,Bacteria,Proteobacteria,Deltaproteobacteria,Desulfarculales,Desulfarculaceae,Desulfarculus,Otu1838
Otu1425,Bacteria,Proteobacteria,Deltaproteobacteria,Desulfobacterales,Desulfobacteraceae,Desulfatirhabdium,Otu1425
Otu2019,Bacteria,Proteobacteria,Deltaproteobacteria,Desulfobacterales,Desulfobacteraceae,Desulfatirhabdium,Otu2019
Otu462,Bacteria,Proteobacteria,Deltaproteobacteria,Desulfobacterales,Desulfobacteraceae,Desulfatirhabdium,Otu462
Otu1041,Bacteria,Proteobacteria,Deltaproteobacteria,Desulfobacterales,Desulfobacteraceae,Desulfatitalea,Otu1041
Otu1449,Bacteria,Proteobacteria,Deltaproteobacteria,Desulfobacterales,Desulfobacteraceae,Desulfatitalea,Otu1449
Otu1670,Bacteria,Proteobacteria,Deltaproteobacteria,Desulfobacterales,Desulfobacteraceae,Desulfatitalea,Otu1670
Otu713,Bacteria,Proteobacteria,Deltaproteobacteria,Desulfobacterales,Desulfobacteraceae,Desulfatitalea,Otu713
Otu790,Bacteria,Proteobacteria,Deltaproteobacteria,Desulfobacterales,Desulfobacteraceae,Desulfatitalea,Otu790
Otu962,Bacteria,Proteobacteria,Deltaproteobacteria,Desulfobacterales,Desulfobacteraceae,Desulfatitalea,Otu962
Otu2010,Bacteria,Proteobacteria,Deltaproteobacteria,Desulfobacterales,Desulfobacteraceae,Desulfocella,Otu2010
Otu1281,Bacteria,Proteobacteria,Deltaproteobacteria,Desulfobacterales,Desulfobacteraceae,Desulfoconvexum,Otu1281
Otu1543,Bacteria,Proteobacteria,Deltaproteobacteria,Desulfobacterales,Desulfobacteraceae,Desulfoconvexum,Otu1543
Otu2203,Bacteria,Proteobacteria,Deltaproteobacteria,Desulfobacterales,Desulfobacteraceae,Desulfoconvexum,Otu2203
Otu1076,Bacteria,Proteobacteria,Deltaproteobacteria,Desulfobacterales,Desulfobacteraceae,Desulfofaba,Otu1076
Otu1196,Bacteria,Proteobacteria,Deltaproteobacteria,Desulfobacterales,Desulfobacteraceae,Desulfofaba,Otu1196
Otu1303,Bacteria,Proteobacteria,Deltaproteobacteria,Desulfobacterales,Desulfobacteraceae,Desulfofaba,Otu1303
Otu1512,Bacteria,Proteobacteria,Deltaproteobacteria,Desulfobacterales,Desulfobacteraceae,Desulfofaba,Otu1512
Otu1807,Bacteria,Proteobacteria,Deltaproteobacteria,Desulfobacterales,Desulfobacteraceae,Desulfonatronobacter,Otu1807
Otu2137,Bacteria,Proteobacteria,Deltaproteobacteria,Desulfobacterales,Desulfobacteraceae,Desulfonatronobacter,Otu2137
Otu985,Bacteria,Proteobacteria,Deltaproteobacteria,Desulfobacterales,Desulfobacteraceae,Desulforegula,Otu985
Otu2042,Bacteria,Proteobacteria,Deltaproteobacteria,Desulfobacterales,Desulfobacteraceae,Desulfosalsimonas,Otu2042
Otu1341,Bacteria,Proteobacteria,Deltaproteobacteria,Desulfobacterales,Desulfobacteraceae,Desulfosarcina,Otu1341
Otu1417,Bacteria,Proteobacteria,Deltaproteobacteria,Desulfobacterales,Desulfobacteraceae,Desulfospira,Otu1417
Otu533,Bacteria,Proteobacteria,Deltaproteobacteria,Desulfobacterales,Desulfobacteraceae,Desulfospira,Otu533
Otu1175,Bacteria,Proteobacteria,Deltaproteobacteria,Desulfobacterales,Desulfobulbaceae,Desulfobulbus,Otu1175
Otu1378,Bacteria,Proteobacteria,Deltaproteobacteria,Desulfobacterales,Desulfobulbaceae,Desulfocapsa,Otu1378
Otu1765,Bacteria,Proteobacteria,Deltaproteobacteria,Desulfobacterales,Desulfobulbaceae,Desulfocapsa,Otu1765
Otu1572,Bacteria,Proteobacteria,Deltaproteobacteria,Desulfobacterales,Desulfobulbaceae,Desulfofustis,Otu1572
Otu673,Bacteria,Proteobacteria,Deltaproteobacteria,Desulfobacterales,Desulfobulbaceae,Desulfopila,Otu673
Otu220,Bacteria,Proteobacteria,Deltaproteobacteria,Desulfobacterales,Desulfobulbaceae,Desulfotalea,Otu220
Otu934,Bacteria,Proteobacteria,Deltaproteobacteria,Desulfobacterales,Desulfobulbaceae,Desulfurivibrio,Otu934
Otu1278,Bacteria,Proteobacteria,Deltaproteobacteria,Desulfovibrionales,Desulfohalobiaceae,Desulfovermiculus,Otu1278
Otu525,Bacteria,Proteobacteria,Deltaproteobacteria,Desulfovibrionales,Desulfohalobiaceae,Desulfovermiculus,Otu525
Otu923,Bacteria,Proteobacteria,Deltaproteobacteria,Desulfovibrionales,Desulfohalobiaceae,Desulfovermiculus,Otu923
Otu1946,Bacteria,Proteobacteria,Deltaproteobacteria,Desulfovibrionales,Desulfovibrionaceae,Bilophila,Otu1946
Otu907,Bacteria,Proteobacteria,Deltaproteobacteria,Desulfovibrionales,Desulfovibrionaceae,Desulfobaculum,Otu907
Otu1528,Bacteria,Proteobacteria,Deltaproteobacteria,Desulfovibrionales,Desulfovibrionaceae,Desulfovibrio,Otu1528
Otu1884,Bacteria,Proteobacteria,Deltaproteobacteria,Desulfuromonadales,Desulfuromonadaceae,Malonomonas,Otu1884
Otu1029,Bacteria,Proteobacteria,Deltaproteobacteria,Desulfuromonadales,Desulfuromonadaceae,Pelobacter,Otu1029
Otu483,Bacteria,Proteobacteria,Deltaproteobacteria,Desulfuromonadales,Desulfuromonadaceae,Pelobacter,Otu483
Otu1431,Bacteria,Proteobacteria,Deltaproteobacteria,Desulfuromonadales,Geobacteraceae,Geopsychrobacter,Otu1431
Otu1791,Bacteria,Proteobacteria,Deltaproteobacteria,Desulfuromonadales,Geobacteraceae,Geopsychrobacter,Otu1791
Otu2075,Bacteria,Proteobacteria,Deltaproteobacteria,Desulfuromonadales,Geobacteraceae,Geothermobacter,Otu2075
Otu1052,Bacteria,Proteobacteria,Deltaproteobacteria,Myxococcales,Cystobacteraceae,Anaeromyxobacter,Otu1052
Otu1898,Bacteria,Proteobacteria,Deltaproteobacteria,Myxococcales,Cystobacteraceae,Anaeromyxobacter,Otu1898
Otu2125,Bacteria,Proteobacteria,Deltaproteobacteria,Myxococcales,Cystobacteraceae,Anaeromyxobacter,Otu2125
Otu518,Bacteria,Proteobacteria,Deltaproteobacteria,Myxococcales,Cystobacteraceae,Anaeromyxobacter,Otu518
Otu1070,Bacteria,Proteobacteria,Deltaproteobacteria,Myxococcales,Haliangiaceae,Haliangium,Otu1070
Otu1770,Bacteria,Proteobacteria,Deltaproteobacteria,Myxococcales,Haliangiaceae,Haliangium,Otu1770
Otu1783,Bacteria,Proteobacteria,Deltaproteobacteria,Myxococcales,Haliangiaceae,Haliangium,Otu1783
Otu2086,Bacteria,Proteobacteria,Deltaproteobacteria,Myxococcales,Kofleriaceae,Kofleria,Otu2086
Otu2176,Bacteria,Proteobacteria,Deltaproteobacteria,Myxococcales,Kofleriaceae,Kofleria,Otu2176
Otu2189,Bacteria,Proteobacteria,Deltaproteobacteria,Myxococcales,Kofleriaceae,Kofleria,Otu2189
Otu878,Bacteria,Proteobacteria,Deltaproteobacteria,Myxococcales,Labilitrichaceae,Labilithrix,Otu878
Otu1603,Bacteria,Proteobacteria,Deltaproteobacteria,Myxococcales,Myxococcaceae,Aggregicoccus,Otu1603
Otu916,Bacteria,Proteobacteria,Deltaproteobacteria,Myxococcales,Myxococcaceae,Aggregicoccus,Otu916
Otu1032,Bacteria,Proteobacteria,Deltaproteobacteria,Myxococcales,Myxococcaceae,Pyxidicoccus,Otu1032
Otu541,Bacteria,Proteobacteria,Deltaproteobacteria,Myxococcales,Myxococcaceae,Pyxidicoccus,Otu541
Otu1557,Bacteria,Proteobacteria,Deltaproteobacteria,Myxococcales,Nannocystaceae,Enhygromyxa,Otu1557
Otu1687,Bacteria,Proteobacteria,Deltaproteobacteria,Myxococcales,Nannocystaceae,Enhygromyxa,Otu1687
Otu1298,Bacteria,Proteobacteria,Deltaproteobacteria,Myxococcales,Nannocystaceae,Nannocystis,Otu1298
Otu826,Bacteria,Proteobacteria,Deltaproteobacteria,Myxococcales,Nannocystaceae,Nannocystis,Otu826
Otu1511,Bacteria,Proteobacteria,Deltaproteobacteria,Myxococcales,Nannocystaceae,Plesiocystis,Otu1511
Otu1595,Bacteria,Proteobacteria,Deltaproteobacteria,Myxococcales,Nannocystaceae,Plesiocystis,Otu1595
Otu1714,Bacteria,Proteobacteria,Deltaproteobacteria,Myxococcales,Nannocystaceae,Plesiocystis,Otu1714
Otu2105,Bacteria,Proteobacteria,Deltaproteobacteria,Myxococcales,Nannocystaceae,Plesiocystis,Otu2105
Otu784,Bacteria,Proteobacteria,Deltaproteobacteria,Myxococcales,Nannocystaceae,Plesiocystis,Otu784
Otu996,Bacteria,Proteobacteria,Deltaproteobacteria,Myxococcales,Nannocystaceae,Plesiocystis,Otu996
Otu2091,Bacteria,Proteobacteria,Deltaproteobacteria,Myxococcales,Nannocystaceae,Pseudenhygromyxa,Otu2091
Otu1064,Bacteria,Proteobacteria,Deltaproteobacteria,Myxococcales,Phaselicystidaceae,Phaselicystis,Otu1064
Otu1306,Bacteria,Proteobacteria,Deltaproteobacteria,Myxococcales,Phaselicystidaceae,Phaselicystis,Otu1306
Otu1366,Bacteria,Proteobacteria,Deltaproteobacteria,Myxococcales,Phaselicystidaceae,Phaselicystis,Otu1366
Otu1407,Bacteria,Proteobacteria,Deltaproteobacteria,Myxococcales,Phaselicystidaceae,Phaselicystis,Otu1407
Otu1609,Bacteria,Proteobacteria,Deltaproteobacteria,Myxococcales,Phaselicystidaceae,Phaselicystis,Otu1609
Otu2082,Bacteria,Proteobacteria,Deltaproteobacteria,Myxococcales,Phaselicystidaceae,Phaselicystis,Otu2082
Otu2099,Bacteria,Proteobacteria,Deltaproteobacteria,Myxococcales,Phaselicystidaceae,Phaselicystis,Otu2099
Otu1317,Bacteria,Proteobacteria,Deltaproteobacteria,Myxococcales,Polyangiaceae,Jahnella,Otu1317
Otu1350,Bacteria,Proteobacteria,Deltaproteobacteria,Myxococcales,Polyangiaceae,Jahnella,Otu1350
Otu1444,Bacteria,Proteobacteria,Deltaproteobacteria,Myxococcales,Polyangiaceae,Minicystis,Otu1444
Otu1542,Bacteria,Proteobacteria,Deltaproteobacteria,Myxococcales,Polyangiaceae,Minicystis,Otu1542
Otu1797,Bacteria,Proteobacteria,Deltaproteobacteria,Myxococcales,Polyangiaceae,Minicystis,Otu1797
Otu1874,Bacteria,Proteobacteria,Deltaproteobacteria,Myxococcales,Polyangiaceae,Minicystis,Otu1874
Otu704,Bacteria,Proteobacteria,Deltaproteobacteria,Myxococcales,Polyangiaceae,Sorangium,Otu704
Otu1264,Bacteria,Proteobacteria,Deltaproteobacteria,Myxococcales,Sandaracinaceae,Sandaracinus,Otu1264
Otu1672,Bacteria,Proteobacteria,Deltaproteobacteria,Myxococcales,Sandaracinaceae,Sandaracinus,Otu1672
Otu1705,Bacteria,Proteobacteria,Deltaproteobacteria,Myxococcales,Sandaracinaceae,Sandaracinus,Otu1705
Otu1897,Bacteria,Proteobacteria,Deltaproteobacteria,Myxococcales,Sandaracinaceae,Sandaracinus,Otu1897
Otu658,Bacteria,Proteobacteria,Deltaproteobacteria,Myxococcales,Sandaracinaceae,Sandaracinus,Otu658
Otu883,Bacteria,Proteobacteria,Deltaproteobacteria,Myxococcales,Sandaracinaceae,Sandaracinus,Otu883
Otu734,Bacteria,Proteobacteria,Deltaproteobacteria,Syntrophobacterales,Syntrophaceae,Desulfobacca,Otu734
Otu1524,Bacteria,Proteobacteria,Deltaproteobacteria,Syntrophobacterales,Syntrophaceae,Desulfomonile,Otu1524
Otu1726,Bacteria,Proteobacteria,Deltaproteobacteria,Syntrophobacterales,Syntrophaceae,Desulfomonile,Otu1726
Otu1771,Bacteria,Proteobacteria,Deltaproteobacteria,Syntrophobacterales,Syntrophaceae,Desulfomonile,Otu1771
Otu1901,Bacteria,Proteobacteria,Deltaproteobacteria,Syntrophobacterales,Syntrophaceae,Desulfomonile,Otu1901
Otu865,Bacteria,Proteobacteria,Deltaproteobacteria,Syntrophobacterales,Syntrophaceae,Desulfomonile,Otu865
Otu989,Bacteria,Proteobacteria,Deltaproteobacteria,Syntrophobacterales,Syntrophaceae,Desulfomonile,Otu989
Otu2229,Bacteria,Proteobacteria,Deltaproteobacteria,Syntrophobacterales,Syntrophaceae,Smithella,Otu2229
Otu1168,Bacteria,Proteobacteria,Deltaproteobacteria,Syntrophobacterales,Syntrophobacteraceae,Desulfoglaeba,Otu1168
Otu1021,Bacteria,Proteobacteria,Deltaproteobacteria,Syntrophobacterales,Syntrophobacteraceae,Desulfovirga,Otu1021
Otu1291,Bacteria,Proteobacteria,Deltaproteobacteria,Syntrophobacterales,Syntrophobacteraceae,Desulfovirga,Otu1291
Otu1386,Bacteria,Proteobacteria,Deltaproteobacteria,Syntrophobacterales,Syntrophobacteraceae,Desulfovirga,Otu1386
Otu1684,Bacteria,Proteobacteria,Deltaproteobacteria,Syntrophobacterales,Syntrophobacteraceae,Desulfovirga,Otu1684
Otu1934,Bacteria,Proteobacteria,Deltaproteobacteria,Syntrophobacterales,Syntrophobacteraceae,Desulfovirga,Otu1934
Otu2034,Bacteria,Proteobacteria,Deltaproteobacteria,Syntrophobacterales,Syntrophobacteraceae,Desulfovirga,Otu2034
Otu390,Bacteria,Proteobacteria,Deltaproteobacteria,Syntrophobacterales,Syntrophobacteraceae,Desulfovirga,Otu390
Otu717,Bacteria,Proteobacteria,Deltaproteobacteria,Syntrophobacterales,Syntrophobacteraceae,Desulfovirga,Otu717
Otu918,Bacteria,Proteobacteria,Deltaproteobacteria,Syntrophobacterales,Syntrophobacteraceae,Desulfovirga,Otu918
Otu1022,Bacteria,Proteobacteria,Deltaproteobacteria,Syntrophobacterales,Syntrophobacteraceae,Thermodesulforhabdus,Otu1022
Otu20,Bacteria,Proteobacteria,Epsilonproteobacteria,Campylobacterales,Campylobacteraceae,Arcobacter,Otu20
Otu32,Bacteria,Proteobacteria,Epsilonproteobacteria,Campylobacterales,Campylobacteraceae,Arcobacter,Otu32
Otu449,Bacteria,Proteobacteria,Epsilonproteobacteria,Campylobacterales,Campylobacteraceae,Arcobacter,Otu449
Otu610,Bacteria,Proteobacteria,Epsilonproteobacteria,Campylobacterales,Campylobacteraceae,Arcobacter,Otu610
Otu917,Bacteria,Proteobacteria,Epsilonproteobacteria,Campylobacterales,Campylobacteraceae,Arcobacter,Otu917
Otu1902,Bacteria,Proteobacteria,Epsilonproteobacteria,Campylobacterales,Helicobacteraceae,Sulfurimonas,Otu1902
Otu1006,Bacteria,Proteobacteria,Epsilonproteobacteria,Campylobacterales,Helicobacteraceae,Sulfurovum,Otu1006
Otu1182,Bacteria,Proteobacteria,Epsilonproteobacteria,Campylobacterales,Helicobacteraceae,Wolinella,Otu1182
Otu1476,Bacteria,Proteobacteria,Epsilonproteobacteria,Nautiliales,Nautiliaceae,Nitratiruptor,Otu1476
Otu739,Bacteria,Proteobacteria,Gammaproteobacteria,Aeromonadales,Succinivibrionaceae,Succinatimonas,Otu739
Otu1123,Bacteria,Proteobacteria,Gammaproteobacteria,Alteromonadales,Alteromonadaceae,Aestuariibacter,Otu1123
Otu15,Bacteria,Proteobacteria,Gammaproteobacteria,Alteromonadales,Alteromonadaceae,Aestuariibacter,Otu15
Otu186,Bacteria,Proteobacteria,Gammaproteobacteria,Alteromonadales,Alteromonadaceae,Aestuariibacter,Otu186
Otu1893,Bacteria,Proteobacteria,Gammaproteobacteria,Alteromonadales,Alteromonadaceae,Aestuariibacter,Otu1893
Otu1921,Bacteria,Proteobacteria,Gammaproteobacteria,Alteromonadales,Alteromonadaceae,Aestuariibacter,Otu1921
Otu2222,Bacteria,Proteobacteria,Gammaproteobacteria,Alteromonadales,Alteromonadaceae,Aestuariibacter,Otu2222
Otu5,Bacteria,Proteobacteria,Gammaproteobacteria,Alteromonadales,Alteromonadaceae,Aestuariibacter,Otu5
Otu706,Bacteria,Proteobacteria,Gammaproteobacteria,Alteromonadales,Alteromonadaceae,Agarivorans,Otu706
Otu2226,Bacteria,Proteobacteria,Gammaproteobacteria,Alteromonadales,Alteromonadaceae,Aliiglaciecola,Otu2226
Otu182,Bacteria,Proteobacteria,Gammaproteobacteria,Alteromonadales,Alteromonadaceae,Alteromonas,Otu182
Otu2027,Bacteria,Proteobacteria,Gammaproteobacteria,Alteromonadales,Alteromonadaceae,Alteromonas,Otu2027
Otu2183,Bacteria,Proteobacteria,Gammaproteobacteria,Alteromonadales,Alteromonadaceae,Alteromonas,Otu2183
Otu1419,Bacteria,Proteobacteria,Gammaproteobacteria,Alteromonadales,Alteromonadaceae,Bowmanella,Otu1419
Otu251,Bacteria,Proteobacteria,Gammaproteobacteria,Alteromonadales,Alteromonadaceae,Bowmanella,Otu251
Otu63,Bacteria,Proteobacteria,Gammaproteobacteria,Alteromonadales,Alteromonadaceae,Chromatocurvus,Otu63
Otu724,Bacteria,Proteobacteria,Gammaproteobacteria,Alteromonadales,Alteromonadaceae,Chromatocurvus,Otu724
Otu1655,Bacteria,Proteobacteria,Gammaproteobacteria,Alteromonadales,Alteromonadaceae,Glaciecola,Otu1655
Otu1330,Bacteria,Proteobacteria,Gammaproteobacteria,Alteromonadales,Alteromonadaceae,Haliea,Otu1330
Otu1555,Bacteria,Proteobacteria,Gammaproteobacteria,Alteromonadales,Alteromonadaceae,Haliea,Otu1555
Otu781,Bacteria,Proteobacteria,Gammaproteobacteria,Alteromonadales,Alteromonadaceae,Haliea,Otu781
Otu782,Bacteria,Proteobacteria,Gammaproteobacteria,Alteromonadales,Alteromonadaceae,Haliea,Otu782
Otu997,Bacteria,Proteobacteria,Gammaproteobacteria,Alteromonadales,Alteromonadaceae,Haliea,Otu997
Otu1457,Bacteria,Proteobacteria,Gammaproteobacteria,Alteromonadales,Alteromonadaceae,Marinobacter,Otu1457
Otu232,Bacteria,Proteobacteria,Gammaproteobacteria,Alteromonadales,Alteromonadaceae,Marinobacter,Otu232
Otu1667,Bacteria,Proteobacteria,Gammaproteobacteria,Alteromonadales,Alteromonadaceae,Paraglaciecola,Otu1667
Otu1956,Bacteria,Proteobacteria,Gammaproteobacteria,Alteromonadales,Alteromonadaceae,Paraglaciecola,Otu1956
Otu33,Bacteria,Proteobacteria,Gammaproteobacteria,Alteromonadales,Alteromonadaceae,Paraglaciecola,Otu33
Otu1618,Bacteria,Proteobacteria,Gammaproteobacteria,Alteromonadales,Alteromonadaceae,Saccharophagus,Otu1618
Otu2011,Bacteria,Proteobacteria,Gammaproteobacteria,Alteromonadales,Alteromonadaceae,Saccharophagus,Otu2011
Otu1790,Bacteria,Proteobacteria,Gammaproteobacteria,Alteromonadales,Alteromonadales_incertae_sedis,Maricurvus,Otu1790
Otu2016,Bacteria,Proteobacteria,Gammaproteobacteria,Alteromonadales,Alteromonadales_incertae_sedis,Maricurvus,Otu2016
Otu635,Bacteria,Proteobacteria,Gammaproteobacteria,Alteromonadales,Alteromonadales_incertae_sedis,Maricurvus,Otu635
Otu1890,Bacteria,Proteobacteria,Gammaproteobacteria,Alteromonadales,Alteromonadales_incertae_sedis,Pseudomaricurvus,Otu1890
Otu2053,Bacteria,Proteobacteria,Gammaproteobacteria,Alteromonadales,Alteromonadales_incertae_sedis,Pseudomaricurvus,Otu2053
Otu1012,Bacteria,Proteobacteria,Gammaproteobacteria,Alteromonadales,Alteromonadales_incertae_sedis,Pseudoteredinibacter,Otu1012
Otu2238,Bacteria,Proteobacteria,Gammaproteobacteria,Alteromonadales,Alteromonadales_incertae_sedis,Pseudoteredinibacter,Otu2238
Otu1503,Bacteria,Proteobacteria,Gammaproteobacteria,Alteromonadales,Alteromonadales_incertae_sedis,Psychrobium,Otu1503
Otu420,Bacteria,Proteobacteria,Gammaproteobacteria,Alteromonadales,Alteromonadales_incertae_sedis,Psychrobium,Otu420
Otu1388,Bacteria,Proteobacteria,Gammaproteobacteria,Alteromonadales,Alteromonadales_incertae_sedis,Teredinibacter,Otu1388
Otu22,Bacteria,Proteobacteria,Gammaproteobacteria,Alteromonadales,Alteromonadales_incertae_sedis,Teredinibacter,Otu22
Otu2261,Bacteria,Proteobacteria,Gammaproteobacteria,Alteromonadales,Alteromonadales_incertae_sedis,Teredinibacter,Otu2261
Otu520,Bacteria,Proteobacteria,Gammaproteobacteria,Alteromonadales,Alteromonadales_incertae_sedis,Teredinibacter,Otu520
Otu73,Bacteria,Proteobacteria,Gammaproteobacteria,Alteromonadales,Alteromonadales_incertae_sedis,Teredinibacter,Otu73
Otu116,Bacteria,Proteobacteria,Gammaproteobacteria,Alteromonadales,Colwelliaceae,Colwellia,Otu116
Otu1696,Bacteria,Proteobacteria,Gammaproteobacteria,Alteromonadales,Colwelliaceae,Colwellia,Otu1696
Otu180,Bacteria,Proteobacteria,Gammaproteobacteria,Alteromonadales,Colwelliaceae,Colwellia,Otu180
Otu500,Bacteria,Proteobacteria,Gammaproteobacteria,Alteromonadales,Colwelliaceae,Colwellia,Otu500
Otu59,Bacteria,Proteobacteria,Gammaproteobacteria,Alteromonadales,Colwelliaceae,Colwellia,Otu59
Otu88,Bacteria,Proteobacteria,Gammaproteobacteria,Alteromonadales,Colwelliaceae,Colwellia,Otu88
Otu156,Bacteria,Proteobacteria,Gammaproteobacteria,Alteromonadales,Colwelliaceae,Thalassomonas,Otu156
Otu649,Bacteria,Proteobacteria,Gammaproteobacteria,Alteromonadales,Colwelliaceae,Thalassomonas,Otu649
Otu914,Bacteria,Proteobacteria,Gammaproteobacteria,Alteromonadales,Colwelliaceae,Thalassomonas,Otu914
Otu1282,Bacteria,Proteobacteria,Gammaproteobacteria,Alteromonadales,Colwelliaceae,Thalassotalea,Otu1282
Otu135,Bacteria,Proteobacteria,Gammaproteobacteria,Alteromonadales,Colwelliaceae,Thalassotalea,Otu135
Otu177,Bacteria,Proteobacteria,Gammaproteobacteria,Alteromonadales,Colwelliaceae,Thalassotalea,Otu177
Otu261,Bacteria,Proteobacteria,Gammaproteobacteria,Alteromonadales,Colwelliaceae,Thalassotalea,Otu261
Otu592,Bacteria,Proteobacteria,Gammaproteobacteria,Alteromonadales,Colwelliaceae,Thalassotalea,Otu592
Otu2116,Bacteria,Proteobacteria,Gammaproteobacteria,Alteromonadales,Echinimonas,Echinimonas,Otu2116
Otu428,Bacteria,Proteobacteria,Gammaproteobacteria,Alteromonadales,Echinimonas,Echinimonas,Otu428
Otu1822,Bacteria,Proteobacteria,Gammaproteobacteria,Alteromonadales,Ferrimonadaceae,Ferrimonas,Otu1822
Otu2035,Bacteria,Proteobacteria,Gammaproteobacteria,Alteromonadales,Ferrimonadaceae,Paraferrimonas,Otu2035
Otu2147,Bacteria,Proteobacteria,Gammaproteobacteria,Alteromonadales,Ferrimonadaceae,Paraferrimonas,Otu2147
Otu304,Bacteria,Proteobacteria,Gammaproteobacteria,Alteromonadales,Idiomarinaceae,Idiomarina,Otu304
Otu273,Bacteria,Proteobacteria,Gammaproteobacteria,Alteromonadales,Pseudoalteromonadaceae,Algicola,Otu273
Otu2138,Bacteria,Proteobacteria,Gammaproteobacteria,Alteromonadales,Pseudoalteromonadaceae,Pseudoalteromonas,Otu2138
Otu53,Bacteria,Proteobacteria,Gammaproteobacteria,Alteromonadales,Pseudoalteromonadaceae,Pseudoalteromonas,Otu53
Otu574,Bacteria,Proteobacteria,Gammaproteobacteria,Alteromonadales,Pseudoalteromonadaceae,Pseudoalteromonas,Otu574
Otu687,Bacteria,Proteobacteria,Gammaproteobacteria,Alteromonadales,Pseudoalteromonadaceae,Pseudoalteromonas,Otu687
Otu1438,Bacteria,Proteobacteria,Gammaproteobacteria,Alteromonadales,Pseudoalteromonadaceae,Psychrosphaera,Otu1438
Otu197,Bacteria,Proteobacteria,Gammaproteobacteria,Alteromonadales,Pseudoalteromonadaceae,Psychrosphaera,Otu197
Otu77,Bacteria,Proteobacteria,Gammaproteobacteria,Alteromonadales,Pseudoalteromonadaceae,Psychrosphaera,Otu77
Otu1932,Bacteria,Proteobacteria,Gammaproteobacteria,Alteromonadales,Shewanellaceae,Shewanella,Otu1932
Otu353,Bacteria,Proteobacteria,Gammaproteobacteria,Alteromonadales,Shewanellaceae,Shewanella,Otu353
Otu499,Bacteria,Proteobacteria,Gammaproteobacteria,Alteromonadales,Shewanellaceae,Shewanella,Otu499
Otu1053,Bacteria,Proteobacteria,Gammaproteobacteria,Arenicellales,Arenicellaceae,Arenicella,Otu1053
Otu473,Bacteria,Proteobacteria,Gammaproteobacteria,Arenicellales,Arenicellaceae,Arenicella,Otu473
Otu591,Bacteria,Proteobacteria,Gammaproteobacteria,Arenicellales,Arenicellaceae,Arenicella,Otu591
Otu986,Bacteria,Proteobacteria,Gammaproteobacteria,Arenicellales,Arenicellaceae,Arenicella,Otu986
Otu1045,Bacteria,Proteobacteria,Gammaproteobacteria,Arenicellales,Arenicellaceae,Perspicuibacter,Otu1045
Otu1058,Bacteria,Proteobacteria,Gammaproteobacteria,Arenicellales,Arenicellaceae,Perspicuibacter,Otu1058
Otu1468,Bacteria,Proteobacteria,Gammaproteobacteria,Arenicellales,Arenicellaceae,Perspicuibacter,Otu1468
Otu2102,Bacteria,Proteobacteria,Gammaproteobacteria,Chromatiales,Chromatiaceae,Halochromatium,Otu2102
Otu1224,Bacteria,Proteobacteria,Gammaproteobacteria,Chromatiales,Chromatiaceae,Nitrosococcus,Otu1224
Otu2005,Bacteria,Proteobacteria,Gammaproteobacteria,Chromatiales,Chromatiaceae,Nitrosococcus,Otu2005
Otu2087,Bacteria,Proteobacteria,Gammaproteobacteria,Chromatiales,Chromatiaceae,Nitrosococcus,Otu2087
Otu472,Bacteria,Proteobacteria,Gammaproteobacteria,Chromatiales,Chromatiaceae,Nitrosococcus,Otu472
Otu787,Bacteria,Proteobacteria,Gammaproteobacteria,Chromatiales,Chromatiaceae,Rhabdochromatium,Otu787
Otu2224,Bacteria,Proteobacteria,Gammaproteobacteria,Chromatiales,Chromatiaceae,Rheinheimera,Otu2224
Otu1002,Bacteria,Proteobacteria,Gammaproteobacteria,Chromatiales,Chromatiaceae,Thiohalobacter,Otu1002
Otu1030,Bacteria,Proteobacteria,Gammaproteobacteria,Chromatiales,Chromatiaceae,Thiohalobacter,Otu1030
Otu1743,Bacteria,Proteobacteria,Gammaproteobacteria,Chromatiales,Chromatiaceae,Thiohalobacter,Otu1743
Otu355,Bacteria,Proteobacteria,Gammaproteobacteria,Chromatiales,Chromatiaceae,Thiohalobacter,Otu355
Otu448,Bacteria,Proteobacteria,Gammaproteobacteria,Chromatiales,Chromatiaceae,Thiohalobacter,Otu448
Otu1216,Bacteria,Proteobacteria,Gammaproteobacteria,Chromatiales,Chromatiaceae,Thiohalocapsa,Otu1216
Otu1073,Bacteria,Proteobacteria,Gammaproteobacteria,Chromatiales,Ectothiorhodospiraceae,Alkalispirillum,Otu1073
Otu2202,Bacteria,Proteobacteria,Gammaproteobacteria,Chromatiales,Ectothiorhodospiraceae,Alkalispirillum,Otu2202
Otu714,Bacteria,Proteobacteria,Gammaproteobacteria,Chromatiales,Ectothiorhodospiraceae,Alkalispirillum,Otu714
Otu1251,Bacteria,Proteobacteria,Gammaproteobacteria,Chromatiales,Ectothiorhodospiraceae,Arhodomonas,Otu1251
Otu1128,Bacteria,Proteobacteria,Gammaproteobacteria,Chromatiales,Ectothiorhodospiraceae,Ectothiorhodosinus,Otu1128
Otu1209,Bacteria,Proteobacteria,Gammaproteobacteria,Chromatiales,Ectothiorhodospiraceae,Ectothiorhodosinus,Otu1209
Otu1798,Bacteria,Proteobacteria,Gammaproteobacteria,Chromatiales,Ectothiorhodospiraceae,Ectothiorhodosinus,Otu1798
Otu1803,Bacteria,Proteobacteria,Gammaproteobacteria,Chromatiales,Ectothiorhodospiraceae,Ectothiorhodosinus,Otu1803
Otu1857,Bacteria,Proteobacteria,Gammaproteobacteria,Chromatiales,Ectothiorhodospiraceae,Ectothiorhodosinus,Otu1857
Otu2041,Bacteria,Proteobacteria,Gammaproteobacteria,Chromatiales,Ectothiorhodospiraceae,Ectothiorhodosinus,Otu2041
Otu2128,Bacteria,Proteobacteria,Gammaproteobacteria,Chromatiales,Ectothiorhodospiraceae,Ectothiorhodosinus,Otu2128
Otu2186,Bacteria,Proteobacteria,Gammaproteobacteria,Chromatiales,Ectothiorhodospiraceae,Ectothiorhodosinus,Otu2186
Otu870,Bacteria,Proteobacteria,Gammaproteobacteria,Chromatiales,Ectothiorhodospiraceae,Ectothiorhodosinus,Otu870
Otu2177,Bacteria,Proteobacteria,Gammaproteobacteria,Chromatiales,Ectothiorhodospiraceae,Natronocella,Otu2177
Otu2163,Bacteria,Proteobacteria,Gammaproteobacteria,Chromatiales,Ectothiorhodospiraceae,Oceanococcus,Otu2163
Otu901,Bacteria,Proteobacteria,Gammaproteobacteria,Chromatiales,Ectothiorhodospiraceae,Oceanococcus,Otu901
Otu1174,Bacteria,Proteobacteria,Gammaproteobacteria,Chromatiales,Ectothiorhodospiraceae,Spiribacter,Otu1174
Otu1259,Bacteria,Proteobacteria,Gammaproteobacteria,Chromatiales,Ectothiorhodospiraceae,Spiribacter,Otu1259
Otu1513,Bacteria,Proteobacteria,Gammaproteobacteria,Chromatiales,Ectothiorhodospiraceae,Spiribacter,Otu1513
Otu680,Bacteria,Proteobacteria,Gammaproteobacteria,Chromatiales,Ectothiorhodospiraceae,Spiribacter,Otu680
Otu707,Bacteria,Proteobacteria,Gammaproteobacteria,Chromatiales,Ectothiorhodospiraceae,Spiribacter,Otu707
Otu791,Bacteria,Proteobacteria,Gammaproteobacteria,Chromatiales,Ectothiorhodospiraceae,Spiribacter,Otu791
Otu895,Bacteria,Proteobacteria,Gammaproteobacteria,Chromatiales,Ectothiorhodospiraceae,Spiribacter,Otu895
Otu970,Bacteria,Proteobacteria,Gammaproteobacteria,Chromatiales,Ectothiorhodospiraceae,Spiribacter,Otu970
Otu1712,Bacteria,Proteobacteria,Gammaproteobacteria,Chromatiales,Ectothiorhodospiraceae,Thioalbus,Otu1712
Otu1843,Bacteria,Proteobacteria,Gammaproteobacteria,Chromatiales,Ectothiorhodospiraceae,Thioalbus,Otu1843
Otu1961,Bacteria,Proteobacteria,Gammaproteobacteria,Chromatiales,Ectothiorhodospiraceae,Thioalbus,Otu1961
Otu205,Bacteria,Proteobacteria,Gammaproteobacteria,Chromatiales,Ectothiorhodospiraceae,Thioalbus,Otu205
Otu54,Bacteria,Proteobacteria,Gammaproteobacteria,Chromatiales,Ectothiorhodospiraceae,Thioalbus,Otu54
Otu1834,Bacteria,Proteobacteria,Gammaproteobacteria,Chromatiales,Ectothiorhodospiraceae,Thioalkalispira,Otu1834
Otu1349,Bacteria,Proteobacteria,Gammaproteobacteria,Chromatiales,Ectothiorhodospiraceae,Thiogranum,Otu1349
Otu1654,Bacteria,Proteobacteria,Gammaproteobacteria,Chromatiales,Ectothiorhodospiraceae,Thiogranum,Otu1654
Otu1809,Bacteria,Proteobacteria,Gammaproteobacteria,Chromatiales,Ectothiorhodospiraceae,Thiogranum,Otu1809
Otu1839,Bacteria,Proteobacteria,Gammaproteobacteria,Chromatiales,Ectothiorhodospiraceae,Thiogranum,Otu1839
Otu1925,Bacteria,Proteobacteria,Gammaproteobacteria,Chromatiales,Ectothiorhodospiraceae,Thiogranum,Otu1925
Otu2160,Bacteria,Proteobacteria,Gammaproteobacteria,Chromatiales,Ectothiorhodospiraceae,Thiogranum,Otu2160
Otu306,Bacteria,Proteobacteria,Gammaproteobacteria,Chromatiales,Ectothiorhodospiraceae,Thiogranum,Otu306
Otu546,Bacteria,Proteobacteria,Gammaproteobacteria,Chromatiales,Ectothiorhodospiraceae,Thiogranum,Otu546
Otu633,Bacteria,Proteobacteria,Gammaproteobacteria,Chromatiales,Ectothiorhodospiraceae,Thiogranum,Otu633
Otu721,Bacteria,Proteobacteria,Gammaproteobacteria,Chromatiales,Ectothiorhodospiraceae,Thiogranum,Otu721
Otu743,Bacteria,Proteobacteria,Gammaproteobacteria,Chromatiales,Ectothiorhodospiraceae,Thiogranum,Otu743
Otu1297,Bacteria,Proteobacteria,Gammaproteobacteria,Chromatiales,Ectothiorhodospiraceae,Thiohalomonas,Otu1297
Otu1564,Bacteria,Proteobacteria,Gammaproteobacteria,Chromatiales,Ectothiorhodospiraceae,Thiohalomonas,Otu1564
Otu1569,Bacteria,Proteobacteria,Gammaproteobacteria,Chromatiales,Ectothiorhodospiraceae,Thiohalomonas,Otu1569
Otu1806,Bacteria,Proteobacteria,Gammaproteobacteria,Chromatiales,Ectothiorhodospiraceae,Thiohalomonas,Otu1806
Otu463,Bacteria,Proteobacteria,Gammaproteobacteria,Chromatiales,Ectothiorhodospiraceae,Thiohalomonas,Otu463
Otu563,Bacteria,Proteobacteria,Gammaproteobacteria,Chromatiales,Ectothiorhodospiraceae,Thiohalomonas,Otu563
Otu593,Bacteria,Proteobacteria,Gammaproteobacteria,Chromatiales,Ectothiorhodospiraceae,Thiohalomonas,Otu593
Otu684,Bacteria,Proteobacteria,Gammaproteobacteria,Chromatiales,Ectothiorhodospiraceae,Thiohalomonas,Otu684
Otu2190,Bacteria,Proteobacteria,Gammaproteobacteria,Chromatiales,Ectothiorhodospiraceae,Thiorhodospira,Otu2190
Otu662,Bacteria,Proteobacteria,Gammaproteobacteria,Chromatiales,Ectothiorhodospiraceae,Thiorhodospira,Otu662
Otu378,Bacteria,Proteobacteria,Gammaproteobacteria,Chromatiales,Granulosicoccaceae,Granulosicoccus,Otu378
Otu1016,Bacteria,Proteobacteria,Gammaproteobacteria,Chromatiales,Thioalkalispiraceae,Thiohalophilus,Otu1016
Otu1343,Bacteria,Proteobacteria,Gammaproteobacteria,Chromatiales,Thioalkalispiraceae,Thiohalophilus,Otu1343
Otu1382,Bacteria,Proteobacteria,Gammaproteobacteria,Chromatiales,Thioalkalispiraceae,Thiohalophilus,Otu1382
Otu1462,Bacteria,Proteobacteria,Gammaproteobacteria,Chromatiales,Thioalkalispiraceae,Thiohalophilus,Otu1462
Otu1810,Bacteria,Proteobacteria,Gammaproteobacteria,Chromatiales,Thioalkalispiraceae,Thiohalophilus,Otu1810
Otu2055,Bacteria,Proteobacteria,Gammaproteobacteria,Chromatiales,Thioalkalispiraceae,Thiohalophilus,Otu2055
Otu2059,Bacteria,Proteobacteria,Gammaproteobacteria,Chromatiales,Thioalkalispiraceae,Thiohalophilus,Otu2059
Otu207,Bacteria,Proteobacteria,Gammaproteobacteria,Chromatiales,Thioalkalispiraceae,Thiohalophilus,Otu207
Otu2101,Bacteria,Proteobacteria,Gammaproteobacteria,Chromatiales,Thioalkalispiraceae,Thiohalophilus,Otu2101
Otu280,Bacteria,Proteobacteria,Gammaproteobacteria,Chromatiales,Thioalkalispiraceae,Thiohalophilus,Otu280
Otu568,Bacteria,Proteobacteria,Gammaproteobacteria,Chromatiales,Thioalkalispiraceae,Thiohalophilus,Otu568
Otu570,Bacteria,Proteobacteria,Gammaproteobacteria,Chromatiales,Thioalkalispiraceae,Thiohalophilus,Otu570
Otu623,Bacteria,Proteobacteria,Gammaproteobacteria,Chromatiales,Thioalkalispiraceae,Thiohalophilus,Otu623
Otu640,Bacteria,Proteobacteria,Gammaproteobacteria,Chromatiales,Thioalkalispiraceae,Thiohalophilus,Otu640
Otu665,Bacteria,Proteobacteria,Gammaproteobacteria,Chromatiales,Thioalkalispiraceae,Thiohalophilus,Otu665
Otu813,Bacteria,Proteobacteria,Gammaproteobacteria,Chromatiales,Thioalkalispiraceae,Thiohalophilus,Otu813
Otu1254,Bacteria,Proteobacteria,Gammaproteobacteria,Chromatiales,Thioalkalispiraceae,Thioprofundum,Otu1254
Otu1443,Bacteria,Proteobacteria,Gammaproteobacteria,Chromatiales,Thioalkalispiraceae,Thioprofundum,Otu1443
Otu1460,Bacteria,Proteobacteria,Gammaproteobacteria,Chromatiales,Thioalkalispiraceae,Thioprofundum,Otu1460
Otu1519,Bacteria,Proteobacteria,Gammaproteobacteria,Chromatiales,Thioalkalispiraceae,Thioprofundum,Otu1519
Otu1651,Bacteria,Proteobacteria,Gammaproteobacteria,Chromatiales,Thioalkalispiraceae,Thioprofundum,Otu1651
Otu1920,Bacteria,Proteobacteria,Gammaproteobacteria,Chromatiales,Thioalkalispiraceae,Thioprofundum,Otu1920
Otu2022,Bacteria,Proteobacteria,Gammaproteobacteria,Chromatiales,Thioalkalispiraceae,Thioprofundum,Otu2022
Otu2249,Bacteria,Proteobacteria,Gammaproteobacteria,Chromatiales,Thioalkalispiraceae,Thioprofundum,Otu2249
Otu394,Bacteria,Proteobacteria,Gammaproteobacteria,Chromatiales,Thioalkalispiraceae,Thioprofundum,Otu394
Otu405,Bacteria,Proteobacteria,Gammaproteobacteria,Chromatiales,Thioalkalispiraceae,Thioprofundum,Otu405
Otu586,Bacteria,Proteobacteria,Gammaproteobacteria,Chromatiales,Thioalkalispiraceae,Thioprofundum,Otu586
Otu632,Bacteria,Proteobacteria,Gammaproteobacteria,Chromatiales,Thioalkalispiraceae,Thioprofundum,Otu632
Otu683,Bacteria,Proteobacteria,Gammaproteobacteria,Chromatiales,Thioalkalispiraceae,Thioprofundum,Otu683
Otu900,Bacteria,Proteobacteria,Gammaproteobacteria,Chromatiales,Thioalkalispiraceae,Thioprofundum,Otu900
Otu838,Bacteria,Proteobacteria,Gammaproteobacteria,Enterobacteriales,Enterobacteriaceae,Ewingella,Otu838
Otu752,Bacteria,Proteobacteria,Gammaproteobacteria,Enterobacteriales,Enterobacteriaceae,Klebsiella,Otu752
Otu1131,Bacteria,Proteobacteria,Gammaproteobacteria,Gammaproteobacteria_incertae_sedis,Candidatus Carsonella,Candidatus Carsonella,Otu1131
Otu1268,Bacteria,Proteobacteria,Gammaproteobacteria,Gammaproteobacteria_incertae_sedis,Candidatus Carsonella,Candidatus Carsonella,Otu1268
Otu1384,Bacteria,Proteobacteria,Gammaproteobacteria,Gammaproteobacteria_incertae_sedis,Candidatus Carsonella,Candidatus Carsonella,Otu1384
Otu1501,Bacteria,Proteobacteria,Gammaproteobacteria,Gammaproteobacteria_incertae_sedis,Candidatus Carsonella,Candidatus Carsonella,Otu1501
Otu1601,Bacteria,Proteobacteria,Gammaproteobacteria,Gammaproteobacteria_incertae_sedis,Candidatus Carsonella,Candidatus Carsonella,Otu1601
Otu1754,Bacteria,Proteobacteria,Gammaproteobacteria,Gammaproteobacteria_incertae_sedis,Candidatus Carsonella,Candidatus Carsonella,Otu1754
Otu1945,Bacteria,Proteobacteria,Gammaproteobacteria,Gammaproteobacteria_incertae_sedis,Candidatus Carsonella,Candidatus Carsonella,Otu1945
Otu1974,Bacteria,Proteobacteria,Gammaproteobacteria,Gammaproteobacteria_incertae_sedis,Candidatus Carsonella,Candidatus Carsonella,Otu1974
Otu2191,Bacteria,Proteobacteria,Gammaproteobacteria,Gammaproteobacteria_incertae_sedis,Candidatus Carsonella,Candidatus Carsonella,Otu2191
Otu477,Bacteria,Proteobacteria,Gammaproteobacteria,Gammaproteobacteria_incertae_sedis,Candidatus Carsonella,Candidatus Carsonella,Otu477
Otu645,Bacteria,Proteobacteria,Gammaproteobacteria,Gammaproteobacteria_incertae_sedis,Candidatus Carsonella,Candidatus Carsonella,Otu645
Otu948,Bacteria,Proteobacteria,Gammaproteobacteria,Gammaproteobacteria_incertae_sedis,Candidatus Carsonella,Candidatus Carsonella,Otu948
Otu949,Bacteria,Proteobacteria,Gammaproteobacteria,Gammaproteobacteria_incertae_sedis,Candidatus Carsonella,Candidatus Carsonella,Otu949
Otu1344,Bacteria,Proteobacteria,Gammaproteobacteria,Gammaproteobacteria_incertae_sedis,Cocleimonas,Cocleimonas,Otu1344
Otu1671,Bacteria,Proteobacteria,Gammaproteobacteria,Gammaproteobacteria_incertae_sedis,Cocleimonas,Cocleimonas,Otu1671
Otu238,Bacteria,Proteobacteria,Gammaproteobacteria,Gammaproteobacteria_incertae_sedis,Eionea,Eionea,Otu238
Otu559,Bacteria,Proteobacteria,Gammaproteobacteria,Gammaproteobacteria_incertae_sedis,Eionea,Eionea,Otu559
Otu101,Bacteria,Proteobacteria,Gammaproteobacteria,Gammaproteobacteria_incertae_sedis,Halioglobus,Halioglobus,Otu101
Otu1034,Bacteria,Proteobacteria,Gammaproteobacteria,Gammaproteobacteria_incertae_sedis,Halioglobus,Halioglobus,Otu1034
Otu1043,Bacteria,Proteobacteria,Gammaproteobacteria,Gammaproteobacteria_incertae_sedis,Halioglobus,Halioglobus,Otu1043
Otu1110,Bacteria,Proteobacteria,Gammaproteobacteria,Gammaproteobacteria_incertae_sedis,Halioglobus,Halioglobus,Otu1110
Otu1136,Bacteria,Proteobacteria,Gammaproteobacteria,Gammaproteobacteria_incertae_sedis,Halioglobus,Halioglobus,Otu1136
Otu119,Bacteria,Proteobacteria,Gammaproteobacteria,Gammaproteobacteria_incertae_sedis,Halioglobus,Halioglobus,Otu119
Otu1245,Bacteria,Proteobacteria,Gammaproteobacteria,Gammaproteobacteria_incertae_sedis,Halioglobus,Halioglobus,Otu1245
Otu142,Bacteria,Proteobacteria,Gammaproteobacteria,Gammaproteobacteria_incertae_sedis,Halioglobus,Halioglobus,Otu142
Otu149,Bacteria,Proteobacteria,Gammaproteobacteria,Gammaproteobacteria_incertae_sedis,Halioglobus,Halioglobus,Otu149
Otu1700,Bacteria,Proteobacteria,Gammaproteobacteria,Gammaproteobacteria_incertae_sedis,Halioglobus,Halioglobus,Otu1700
Otu1915,Bacteria,Proteobacteria,Gammaproteobacteria,Gammaproteobacteria_incertae_sedis,Halioglobus,Halioglobus,Otu1915
Otu340,Bacteria,Proteobacteria,Gammaproteobacteria,Gammaproteobacteria_incertae_sedis,Halioglobus,Halioglobus,Otu340
Otu479,Bacteria,Proteobacteria,Gammaproteobacteria,Gammaproteobacteria_incertae_sedis,Halioglobus,Halioglobus,Otu479
Otu528,Bacteria,Proteobacteria,Gammaproteobacteria,Gammaproteobacteria_incertae_sedis,Halioglobus,Halioglobus,Otu528
Otu576,Bacteria,Proteobacteria,Gammaproteobacteria,Gammaproteobacteria_incertae_sedis,Halioglobus,Halioglobus,Otu576
Otu664,Bacteria,Proteobacteria,Gammaproteobacteria,Gammaproteobacteria_incertae_sedis,Halioglobus,Halioglobus,Otu664
Otu703,Bacteria,Proteobacteria,Gammaproteobacteria,Gammaproteobacteria_incertae_sedis,Halioglobus,Halioglobus,Otu703
Otu841,Bacteria,Proteobacteria,Gammaproteobacteria,Gammaproteobacteria_incertae_sedis,Halioglobus,Halioglobus,Otu841
Otu894,Bacteria,Proteobacteria,Gammaproteobacteria,Gammaproteobacteria_incertae_sedis,Halioglobus,Halioglobus,Otu894
Otu91,Bacteria,Proteobacteria,Gammaproteobacteria,Gammaproteobacteria_incertae_sedis,Halioglobus,Halioglobus,Otu91
Otu992,Bacteria,Proteobacteria,Gammaproteobacteria,Gammaproteobacteria_incertae_sedis,Halioglobus,Halioglobus,Otu992
Otu1256,Bacteria,Proteobacteria,Gammaproteobacteria,Gammaproteobacteria_incertae_sedis,Litorivivens,Litorivivens,Otu1256
Otu388,Bacteria,Proteobacteria,Gammaproteobacteria,Gammaproteobacteria_incertae_sedis,Litorivivens,Litorivivens,Otu388
Otu529,Bacteria,Proteobacteria,Gammaproteobacteria,Gammaproteobacteria_incertae_sedis,Litorivivens,Litorivivens,Otu529
Otu897,Bacteria,Proteobacteria,Gammaproteobacteria,Gammaproteobacteria_incertae_sedis,Litorivivens,Litorivivens,Otu897
Otu1489,Bacteria,Proteobacteria,Gammaproteobacteria,Gammaproteobacteria_incertae_sedis,Marinicella,Marinicella,Otu1489
Otu1981,Bacteria,Proteobacteria,Gammaproteobacteria,Gammaproteobacteria_incertae_sedis,Marinicella,Marinicella,Otu1981
Otu641,Bacteria,Proteobacteria,Gammaproteobacteria,Gammaproteobacteria_incertae_sedis,Marinicella,Marinicella,Otu641
Otu97,Bacteria,Proteobacteria,Gammaproteobacteria,Gammaproteobacteria_incertae_sedis,Marinicella,Marinicella,Otu97
Otu1171,Bacteria,Proteobacteria,Gammaproteobacteria,Gammaproteobacteria_incertae_sedis,Methylohalomonas,Methylohalomonas,Otu1171
Otu1320,Bacteria,Proteobacteria,Gammaproteobacteria,Gammaproteobacteria_incertae_sedis,Methylohalomonas,Methylohalomonas,Otu1320
Otu244,Bacteria,Proteobacteria,Gammaproteobacteria,Gammaproteobacteria_incertae_sedis,Methylohalomonas,Methylohalomonas,Otu244
Otu320,Bacteria,Proteobacteria,Gammaproteobacteria,Gammaproteobacteria_incertae_sedis,Methylohalomonas,Methylohalomonas,Otu320
Otu1215,Bacteria,Proteobacteria,Gammaproteobacteria,Gammaproteobacteria_incertae_sedis,Methylonatrum,Methylonatrum,Otu1215
Otu1250,Bacteria,Proteobacteria,Gammaproteobacteria,Gammaproteobacteria_incertae_sedis,Methylonatrum,Methylonatrum,Otu1250
Otu1663,Bacteria,Proteobacteria,Gammaproteobacteria,Gammaproteobacteria_incertae_sedis,Methylonatrum,Methylonatrum,Otu1663
Otu2260,Bacteria,Proteobacteria,Gammaproteobacteria,Gammaproteobacteria_incertae_sedis,Methylonatrum,Methylonatrum,Otu2260
Otu762,Bacteria,Proteobacteria,Gammaproteobacteria,Gammaproteobacteria_incertae_sedis,Methylonatrum,Methylonatrum,Otu762
Otu1447,Bacteria,Proteobacteria,Gammaproteobacteria,Gammaproteobacteria_incertae_sedis,Plasticicumulans,Plasticicumulans,Otu1447
Otu881,Bacteria,Proteobacteria,Gammaproteobacteria,Gammaproteobacteria_incertae_sedis,Plasticicumulans,Plasticicumulans,Otu881
Otu1093,Bacteria,Proteobacteria,Gammaproteobacteria,Gammaproteobacteria_incertae_sedis,Pleionea,Pleionea,Otu1093
Otu1183,Bacteria,Proteobacteria,Gammaproteobacteria,Gammaproteobacteria_incertae_sedis,Pleionea,Pleionea,Otu1183
Otu1742,Bacteria,Proteobacteria,Gammaproteobacteria,Gammaproteobacteria_incertae_sedis,Pleionea,Pleionea,Otu1742
Otu240,Bacteria,Proteobacteria,Gammaproteobacteria,Gammaproteobacteria_incertae_sedis,Pleionea,Pleionea,Otu240
Otu470,Bacteria,Proteobacteria,Gammaproteobacteria,Gammaproteobacteria_incertae_sedis,Pleionea,Pleionea,Otu470
Otu552,Bacteria,Proteobacteria,Gammaproteobacteria,Gammaproteobacteria_incertae_sedis,Pleionea,Pleionea,Otu552
Otu911,Bacteria,Proteobacteria,Gammaproteobacteria,Gammaproteobacteria_incertae_sedis,Pleionea,Pleionea,Otu911
Otu1989,Bacteria,Proteobacteria,Gammaproteobacteria,Gammaproteobacteria_incertae_sedis,Porticoccus,Porticoccus,Otu1989
Otu60,Bacteria,Proteobacteria,Gammaproteobacteria,Gammaproteobacteria_incertae_sedis,Porticoccus,Porticoccus,Otu60
Otu1218,Bacteria,Proteobacteria,Gammaproteobacteria,Gammaproteobacteria_incertae_sedis,Pseudohaliea,Pseudohaliea,Otu1218
Otu1389,Bacteria,Proteobacteria,Gammaproteobacteria,Gammaproteobacteria_incertae_sedis,Pseudohaliea,Pseudohaliea,Otu1389
Otu1399,Bacteria,Proteobacteria,Gammaproteobacteria,Gammaproteobacteria_incertae_sedis,Sedimenticola,Sedimenticola,Otu1399
Otu357,Bacteria,Proteobacteria,Gammaproteobacteria,Gammaproteobacteria_incertae_sedis,Sedimenticola,Sedimenticola,Otu357
Otu816,Bacteria,Proteobacteria,Gammaproteobacteria,Gammaproteobacteria_incertae_sedis,Simiduia,Simiduia,Otu816
Otu252,Bacteria,Proteobacteria,Gammaproteobacteria,Gammaproteobacteria_incertae_sedis,Spongiibacter,Spongiibacter,Otu252
Otu98,Bacteria,Proteobacteria,Gammaproteobacteria,Gammaproteobacteria_incertae_sedis,Spongiibacter,Spongiibacter,Otu98
Otu1094,Bacteria,Proteobacteria,Gammaproteobacteria,Gammaproteobacteria_incertae_sedis,Thiolapillus,Thiolapillus,Otu1094
Otu1113,Bacteria,Proteobacteria,Gammaproteobacteria,Gammaproteobacteria_incertae_sedis,Thiolapillus,Thiolapillus,Otu1113
Otu150,Bacteria,Proteobacteria,Gammaproteobacteria,Gammaproteobacteria_incertae_sedis,Thiolapillus,Thiolapillus,Otu150
Otu1570,Bacteria,Proteobacteria,Gammaproteobacteria,Gammaproteobacteria_incertae_sedis,Thiolapillus,Thiolapillus,Otu1570
Otu1707,Bacteria,Proteobacteria,Gammaproteobacteria,Gammaproteobacteria_incertae_sedis,Thiolapillus,Thiolapillus,Otu1707
Otu1916,Bacteria,Proteobacteria,Gammaproteobacteria,Gammaproteobacteria_incertae_sedis,Thiolapillus,Thiolapillus,Otu1916
Otu995,Bacteria,Proteobacteria,Gammaproteobacteria,Gammaproteobacteria_incertae_sedis,Thiolapillus,Thiolapillus,Otu995
Otu1891,Bacteria,Proteobacteria,Gammaproteobacteria,Gammaproteobacteria_incertae_sedis,Umboniibacter,Umboniibacter,Otu1891
Otu245,Bacteria,Proteobacteria,Gammaproteobacteria,Gammaproteobacteria_incertae_sedis,Umboniibacter,Umboniibacter,Otu245
Otu1949,Bacteria,Proteobacteria,Gammaproteobacteria,Legionellales,Coxiellaceae,Aquicella,Otu1949
Otu2071,Bacteria,Proteobacteria,Gammaproteobacteria,Legionellales,Coxiellaceae,Aquicella,Otu2071
Otu560,Bacteria,Proteobacteria,Gammaproteobacteria,Legionellales,Coxiellaceae,Aquicella,Otu560
Otu575,Bacteria,Proteobacteria,Gammaproteobacteria,Legionellales,Coxiellaceae,Aquicella,Otu575
Otu971,Bacteria,Proteobacteria,Gammaproteobacteria,Legionellales,Coxiellaceae,Aquicella,Otu971
Otu1019,Bacteria,Proteobacteria,Gammaproteobacteria,Legionellales,Coxiellaceae,Coxiella,Otu1019
Otu1099,Bacteria,Proteobacteria,Gammaproteobacteria,Legionellales,Coxiellaceae,Coxiella,Otu1099
Otu1100,Bacteria,Proteobacteria,Gammaproteobacteria,Legionellales,Coxiellaceae,Coxiella,Otu1100
Otu1116,Bacteria,Proteobacteria,Gammaproteobacteria,Legionellales,Coxiellaceae,Coxiella,Otu1116
Otu1236,Bacteria,Proteobacteria,Gammaproteobacteria,Legionellales,Coxiellaceae,Coxiella,Otu1236
Otu1241,Bacteria,Proteobacteria,Gammaproteobacteria,Legionellales,Coxiellaceae,Coxiella,Otu1241
Otu1280,Bacteria,Proteobacteria,Gammaproteobacteria,Legionellales,Coxiellaceae,Coxiella,Otu1280
Otu1316,Bacteria,Proteobacteria,Gammaproteobacteria,Legionellales,Coxiellaceae,Coxiella,Otu1316
Otu1433,Bacteria,Proteobacteria,Gammaproteobacteria,Legionellales,Coxiellaceae,Coxiella,Otu1433
Otu1455,Bacteria,Proteobacteria,Gammaproteobacteria,Legionellales,Coxiellaceae,Coxiella,Otu1455
Otu1516,Bacteria,Proteobacteria,Gammaproteobacteria,Legionellales,Coxiellaceae,Coxiella,Otu1516
Otu1614,Bacteria,Proteobacteria,Gammaproteobacteria,Legionellales,Coxiellaceae,Coxiella,Otu1614
Otu1812,Bacteria,Proteobacteria,Gammaproteobacteria,Legionellales,Coxiellaceae,Coxiella,Otu1812
Otu2007,Bacteria,Proteobacteria,Gammaproteobacteria,Legionellales,Coxiellaceae,Coxiella,Otu2007
Otu2084,Bacteria,Proteobacteria,Gammaproteobacteria,Legionellales,Coxiellaceae,Coxiella,Otu2084
Otu2152,Bacteria,Proteobacteria,Gammaproteobacteria,Legionellales,Coxiellaceae,Coxiella,Otu2152
Otu2245,Bacteria,Proteobacteria,Gammaproteobacteria,Legionellales,Coxiellaceae,Coxiella,Otu2245
Otu437,Bacteria,Proteobacteria,Gammaproteobacteria,Legionellales,Coxiellaceae,Coxiella,Otu437
Otu486,Bacteria,Proteobacteria,Gammaproteobacteria,Legionellales,Coxiellaceae,Coxiella,Otu486
Otu532,Bacteria,Proteobacteria,Gammaproteobacteria,Legionellales,Coxiellaceae,Coxiella,Otu532
Otu605,Bacteria,Proteobacteria,Gammaproteobacteria,Legionellales,Coxiellaceae,Coxiella,Otu605
Otu736,Bacteria,Proteobacteria,Gammaproteobacteria,Legionellales,Coxiellaceae,Coxiella,Otu736
Otu1069,Bacteria,Proteobacteria,Gammaproteobacteria,Legionellales,Legionellaceae,Legionella,Otu1069
Otu1190,Bacteria,Proteobacteria,Gammaproteobacteria,Legionellales,Legionellaceae,Legionella,Otu1190
Otu1240,Bacteria,Proteobacteria,Gammaproteobacteria,Legionellales,Legionellaceae,Legionella,Otu1240
Otu1559,Bacteria,Proteobacteria,Gammaproteobacteria,Legionellales,Legionellaceae,Legionella,Otu1559
Otu2237,Bacteria,Proteobacteria,Gammaproteobacteria,Legionellales,Legionellaceae,Legionella,Otu2237
Otu493,Bacteria,Proteobacteria,Gammaproteobacteria,Legionellales,Legionellaceae,Legionella,Otu493
Otu1180,Bacteria,Proteobacteria,Gammaproteobacteria,Methylococcales,Methylococcaceae,Methylococcus,Otu1180
Otu1321,Bacteria,Proteobacteria,Gammaproteobacteria,Methylococcales,Methylococcaceae,Methylococcus,Otu1321
Otu1354,Bacteria,Proteobacteria,Gammaproteobacteria,Methylococcales,Methylococcaceae,Methylococcus,Otu1354
Otu1699,Bacteria,Proteobacteria,Gammaproteobacteria,Methylococcales,Methylococcaceae,Methylococcus,Otu1699
Otu1846,Bacteria,Proteobacteria,Gammaproteobacteria,Methylococcales,Methylococcaceae,Methylococcus,Otu1846
Otu2020,Bacteria,Proteobacteria,Gammaproteobacteria,Methylococcales,Methylococcaceae,Methylococcus,Otu2020
Otu788,Bacteria,Proteobacteria,Gammaproteobacteria,Methylococcales,Methylococcaceae,Methylococcus,Otu788
Otu1167,Bacteria,Proteobacteria,Gammaproteobacteria,Methylococcales,Methylococcaceae,Methylogaea,Otu1167
Otu144,Bacteria,Proteobacteria,Gammaproteobacteria,Methylococcales,Methylococcaceae,Methylogaea,Otu144
Otu1747,Bacteria,Proteobacteria,Gammaproteobacteria,Methylococcales,Methylococcaceae,Methylogaea,Otu1747
Otu1629,Bacteria,Proteobacteria,Gammaproteobacteria,Methylococcales,Methylococcaceae,Methylohalobius,Otu1629
Otu742,Bacteria,Proteobacteria,Gammaproteobacteria,Methylococcales,Methylococcaceae,Methylohalobius,Otu742
Otu1155,Bacteria,Proteobacteria,Gammaproteobacteria,Methylococcales,Methylococcaceae,Methyloparacoccus,Otu1155
Otu1730,Bacteria,Proteobacteria,Gammaproteobacteria,Methylococcales,Methylococcaceae,Methyloparacoccus,Otu1730
Otu1996,Bacteria,Proteobacteria,Gammaproteobacteria,Methylococcales,Methylococcaceae,Methyloparacoccus,Otu1996
Otu164,Bacteria,Proteobacteria,Gammaproteobacteria,Methylococcales,Methylococcaceae,Methylosphaera,Otu164
Otu269,Bacteria,Proteobacteria,Gammaproteobacteria,Methylococcales,Methylococcaceae,Methylosphaera,Otu269
Otu644,Bacteria,Proteobacteria,Gammaproteobacteria,Methylococcales,Methylococcaceae,Methylosphaera,Otu644
Otu85,Bacteria,Proteobacteria,Gammaproteobacteria,Methylococcales,Methylococcaceae,Methylosphaera,Otu85
Otu1054,Bacteria,Proteobacteria,Gammaproteobacteria,Oceanospirillales,Alcanivoracaceae,Alcanivorax,Otu1054
Otu2200,Bacteria,Proteobacteria,Gammaproteobacteria,Oceanospirillales,Alcanivoracaceae,Alcanivorax,Otu2200
Otu316,Bacteria,Proteobacteria,Gammaproteobacteria,Oceanospirillales,Alcanivoracaceae,Alcanivorax,Otu316
Otu363,Bacteria,Proteobacteria,Gammaproteobacteria,Oceanospirillales,Alcanivoracaceae,Alcanivorax,Otu363
Otu890,Bacteria,Proteobacteria,Gammaproteobacteria,Oceanospirillales,Alcanivoracaceae,Alcanivorax,Otu890
Otu963,Bacteria,Proteobacteria,Gammaproteobacteria,Oceanospirillales,Alcanivoracaceae,Alcanivorax,Otu963
Otu143,Bacteria,Proteobacteria,Gammaproteobacteria,Oceanospirillales,Alcanivoracaceae,Kangiella,Otu143
Otu956,Bacteria,Proteobacteria,Gammaproteobacteria,Oceanospirillales,Alcanivoracaceae,Kangiella,Otu956
Otu1616,Bacteria,Proteobacteria,Gammaproteobacteria,Oceanospirillales,Hahellaceae,Endozoicomonas,Otu1616
Otu648,Bacteria,Proteobacteria,Gammaproteobacteria,Oceanospirillales,Hahellaceae,Endozoicomonas,Otu648
Otu1315,Bacteria,Proteobacteria,Gammaproteobacteria,Oceanospirillales,Hahellaceae,Kistimonas,Otu1315
Otu1193,Bacteria,Proteobacteria,Gammaproteobacteria,Oceanospirillales,Hahellaceae,Zooshikella,Otu1193
Otu406,Bacteria,Proteobacteria,Gammaproteobacteria,Oceanospirillales,Litoricolaceae,Litoricola,Otu406
Otu861,Bacteria,Proteobacteria,Gammaproteobacteria,Oceanospirillales,Oceanospirillaceae,Amphritea,Otu861
Otu87,Bacteria,Proteobacteria,Gammaproteobacteria,Oceanospirillales,Oceanospirillaceae,Amphritea,Otu87
Otu1792,Bacteria,Proteobacteria,Gammaproteobacteria,Oceanospirillales,Oceanospirillaceae,Balneatrix,Otu1792
Otu678,Bacteria,Proteobacteria,Gammaproteobacteria,Oceanospirillales,Oceanospirillaceae,Balneatrix,Otu678
Otu1465,Bacteria,Proteobacteria,Gammaproteobacteria,Oceanospirillales,Oceanospirillaceae,Bermanella,Otu1465
Otu1746,Bacteria,Proteobacteria,Gammaproteobacteria,Oceanospirillales,Oceanospirillaceae,Bermanella,Otu1746
Otu1004,Bacteria,Proteobacteria,Gammaproteobacteria,Oceanospirillales,Oceanospirillaceae,Corallomonas,Otu1004
Otu1047,Bacteria,Proteobacteria,Gammaproteobacteria,Oceanospirillales,Oceanospirillaceae,Corallomonas,Otu1047
Otu1263,Bacteria,Proteobacteria,Gammaproteobacteria,Oceanospirillales,Oceanospirillaceae,Corallomonas,Otu1263
Otu1272,Bacteria,Proteobacteria,Gammaproteobacteria,Oceanospirillales,Oceanospirillaceae,Corallomonas,Otu1272
Otu190,Bacteria,Proteobacteria,Gammaproteobacteria,Oceanospirillales,Oceanospirillaceae,Corallomonas,Otu190
Otu262,Bacteria,Proteobacteria,Gammaproteobacteria,Oceanospirillales,Oceanospirillaceae,Corallomonas,Otu262
Otu517,Bacteria,Proteobacteria,Gammaproteobacteria,Oceanospirillales,Oceanospirillaceae,Corallomonas,Otu517
Otu1143,Bacteria,Proteobacteria,Gammaproteobacteria,Oceanospirillales,Oceanospirillaceae,Litoribacillus,Otu1143
Otu362,Bacteria,Proteobacteria,Gammaproteobacteria,Oceanospirillales,Oceanospirillaceae,Litoribacillus,Otu362
Otu1470,Bacteria,Proteobacteria,Gammaproteobacteria,Oceanospirillales,Oceanospirillaceae,Litoribrevibacter,Otu1470
Otu2196,Bacteria,Proteobacteria,Gammaproteobacteria,Oceanospirillales,Oceanospirillaceae,Litoribrevibacter,Otu2196
Otu866,Bacteria,Proteobacteria,Gammaproteobacteria,Oceanospirillales,Oceanospirillaceae,Litoribrevibacter,Otu866
Otu108,Bacteria,Proteobacteria,Gammaproteobacteria,Oceanospirillales,Oceanospirillaceae,Marinobacterium,Otu108
Otu127,Bacteria,Proteobacteria,Gammaproteobacteria,Oceanospirillales,Oceanospirillaceae,Marinobacterium,Otu127
Otu14,Bacteria,Proteobacteria,Gammaproteobacteria,Oceanospirillales,Oceanospirillaceae,Marinobacterium,Otu14
Otu346,Bacteria,Proteobacteria,Gammaproteobacteria,Oceanospirillales,Oceanospirillaceae,Marinobacterium,Otu346
Otu1055,Bacteria,Proteobacteria,Gammaproteobacteria,Oceanospirillales,Oceanospirillaceae,Marinomonas,Otu1055
Otu4,Bacteria,Proteobacteria,Gammaproteobacteria,Oceanospirillales,Oceanospirillaceae,Marinomonas,Otu4
Otu1428,Bacteria,Proteobacteria,Gammaproteobacteria,Oceanospirillales,Oceanospirillaceae,Motiliproteus,Otu1428
Otu282,Bacteria,Proteobacteria,Gammaproteobacteria,Oceanospirillales,Oceanospirillaceae,Motiliproteus,Otu282
Otu12,Bacteria,Proteobacteria,Gammaproteobacteria,Oceanospirillales,Oceanospirillaceae,Neptuniibacter,Otu12
Otu1402,Bacteria,Proteobacteria,Gammaproteobacteria,Oceanospirillales,Oceanospirillaceae,Neptuniibacter,Otu1402
Otu1677,Bacteria,Proteobacteria,Gammaproteobacteria,Oceanospirillales,Oceanospirillaceae,Neptuniibacter,Otu1677
Otu215,Bacteria,Proteobacteria,Gammaproteobacteria,Oceanospirillales,Oceanospirillaceae,Neptuniibacter,Otu215
Otu509,Bacteria,Proteobacteria,Gammaproteobacteria,Oceanospirillales,Oceanospirillaceae,Neptuniibacter,Otu509
Otu382,Bacteria,Proteobacteria,Gammaproteobacteria,Oceanospirillales,Oceanospirillaceae,Neptunomonas,Otu382
Otu1211,Bacteria,Proteobacteria,Gammaproteobacteria,Oceanospirillales,Oceanospirillaceae,Nitrincola,Otu1211
Otu1335,Bacteria,Proteobacteria,Gammaproteobacteria,Oceanospirillales,Oceanospirillaceae,Nitrincola,Otu1335
Otu1534,Bacteria,Proteobacteria,Gammaproteobacteria,Oceanospirillales,Oceanospirillaceae,Nitrincola,Otu1534
Otu1627,Bacteria,Proteobacteria,Gammaproteobacteria,Oceanospirillales,Oceanospirillaceae,Nitrincola,Otu1627
Otu1650,Bacteria,Proteobacteria,Gammaproteobacteria,Oceanospirillales,Oceanospirillaceae,Nitrincola,Otu1650
Otu1653,Bacteria,Proteobacteria,Gammaproteobacteria,Oceanospirillales,Oceanospirillaceae,Nitrincola,Otu1653
Otu1785,Bacteria,Proteobacteria,Gammaproteobacteria,Oceanospirillales,Oceanospirillaceae,Nitrincola,Otu1785
Otu1815,Bacteria,Proteobacteria,Gammaproteobacteria,Oceanospirillales,Oceanospirillaceae,Nitrincola,Otu1815
Otu2166,Bacteria,Proteobacteria,Gammaproteobacteria,Oceanospirillales,Oceanospirillaceae,Nitrincola,Otu2166
Otu2244,Bacteria,Proteobacteria,Gammaproteobacteria,Oceanospirillales,Oceanospirillaceae,Nitrincola,Otu2244
Otu369,Bacteria,Proteobacteria,Gammaproteobacteria,Oceanospirillales,Oceanospirillaceae,Nitrincola,Otu369
Otu1405,Bacteria,Proteobacteria,Gammaproteobacteria,Oceanospirillales,Oceanospirillaceae,Oceaniserpentilla,Otu1405
Otu93,Bacteria,Proteobacteria,Gammaproteobacteria,Oceanospirillales,Oceanospirillaceae,Oceaniserpentilla,Otu93
Otu935,Bacteria,Proteobacteria,Gammaproteobacteria,Oceanospirillales,Oceanospirillaceae,Oceaniserpentilla,Otu935
Otu681,Bacteria,Proteobacteria,Gammaproteobacteria,Oceanospirillales,Oceanospirillaceae,Oceanospirillum,Otu681
Otu953,Bacteria,Proteobacteria,Gammaproteobacteria,Oceanospirillales,Oceanospirillaceae,Oceanospirillum,Otu953
Otu1853,Bacteria,Proteobacteria,Gammaproteobacteria,Oceanospirillales,Oceanospirillaceae,Oleispira,Otu1853
Otu302,Bacteria,Proteobacteria,Gammaproteobacteria,Oceanospirillales,Oceanospirillaceae,Oleispira,Otu302
Otu1401,Bacteria,Proteobacteria,Gammaproteobacteria,Oceanospirillales,Oceanospirillaceae,Reinekea,Otu1401
Otu1001,Bacteria,Proteobacteria,Gammaproteobacteria,Oceanospirillales,Oceanospirillaceae,Sinobacterium,Otu1001
Otu1305,Bacteria,Proteobacteria,Gammaproteobacteria,Oceanospirillales,Oceanospirillaceae,Sinobacterium,Otu1305
Otu399,Bacteria,Proteobacteria,Gammaproteobacteria,Oceanospirillales,Oceanospirillaceae,Spongiispira,Otu399
Otu902,Bacteria,Proteobacteria,Gammaproteobacteria,Oceanospirillales,Oceanospirillaceae,Spongiispira,Otu902
Otu1938,Bacteria,Proteobacteria,Gammaproteobacteria,Oceanospirillales,Oceanospirillaceae,Thalassolituus,Otu1938
Otu281,Bacteria,Proteobacteria,Gammaproteobacteria,Oceanospirillales,Oceanospirillaceae,Thalassolituus,Otu281
Otu595,Bacteria,Proteobacteria,Gammaproteobacteria,Oceanospirillales,Oceanospirillaceae,Thalassolituus,Otu595
Otu1101,Bacteria,Proteobacteria,Gammaproteobacteria,Oceanospirillales,Oceanospirillales_incertae_sedis,Gynuella,Otu1101
Otu115,Bacteria,Proteobacteria,Gammaproteobacteria,Oceanospirillales,Oceanospirillales_incertae_sedis,Pseudohongiella,Otu115
Otu138,Bacteria,Proteobacteria,Gammaproteobacteria,Oceanospirillales,Oceanospirillales_incertae_sedis,Pseudohongiella,Otu138
Otu1416,Bacteria,Proteobacteria,Gammaproteobacteria,Oceanospirillales,Oceanospirillales_incertae_sedis,Pseudohongiella,Otu1416
Otu1440,Bacteria,Proteobacteria,Gammaproteobacteria,Oceanospirillales,Oceanospirillales_incertae_sedis,Pseudohongiella,Otu1440
Otu16,Bacteria,Proteobacteria,Gammaproteobacteria,Oceanospirillales,Oceanospirillales_incertae_sedis,Pseudohongiella,Otu16
Otu1639,Bacteria,Proteobacteria,Gammaproteobacteria,Oceanospirillales,Oceanospirillales_incertae_sedis,Pseudohongiella,Otu1639
Otu716,Bacteria,Proteobacteria,Gammaproteobacteria,Oceanospirillales,Oceanospirillales_incertae_sedis,Pseudohongiella,Otu716
Otu1337,Bacteria,Proteobacteria,Gammaproteobacteria,Oceanospirillales,Oleiphilaceae,Oleiphilus,Otu1337
Otu139,Bacteria,Proteobacteria,Gammaproteobacteria,Oceanospirillales,Oleiphilaceae,Oleiphilus,Otu139
Otu1396,Bacteria,Proteobacteria,Gammaproteobacteria,Oceanospirillales,Oleiphilaceae,Oleiphilus,Otu1396
Otu1586,Bacteria,Proteobacteria,Gammaproteobacteria,Oceanospirillales,Oleiphilaceae,Oleiphilus,Otu1586
Otu1621,Bacteria,Proteobacteria,Gammaproteobacteria,Oceanospirillales,Oleiphilaceae,Oleiphilus,Otu1621
Otu1724,Bacteria,Proteobacteria,Gammaproteobacteria,Oceanospirillales,Oleiphilaceae,Oleiphilus,Otu1724
Otu1964,Bacteria,Proteobacteria,Gammaproteobacteria,Oceanospirillales,Oleiphilaceae,Oleiphilus,Otu1964
Otu2256,Bacteria,Proteobacteria,Gammaproteobacteria,Oceanospirillales,Oleiphilaceae,Oleiphilus,Otu2256
Otu383,Bacteria,Proteobacteria,Gammaproteobacteria,Oceanospirillales,Oleiphilaceae,Oleiphilus,Otu383
Otu52,Bacteria,Proteobacteria,Gammaproteobacteria,Oceanospirillales,Oleiphilaceae,Oleiphilus,Otu52
Otu64,Bacteria,Proteobacteria,Gammaproteobacteria,Oceanospirillales,Oleiphilaceae,Oleiphilus,Otu64
Otu884,Bacteria,Proteobacteria,Gammaproteobacteria,Oceanospirillales,Oleiphilaceae,Oleiphilus,Otu884
Otu364,Bacteria,Proteobacteria,Gammaproteobacteria,Oceanospirillales,Saccharospirillaceae,Saccharospirillum,Otu364
Otu1324,Bacteria,Proteobacteria,Gammaproteobacteria,Oceanospirillales,Saccharospirillaceae,Salinispirillum,Otu1324
Otu579,Bacteria,Proteobacteria,Gammaproteobacteria,Pseudomonadales,Moraxellaceae,Acinetobacter,Otu579
Otu331,Bacteria,Proteobacteria,Gammaproteobacteria,Pseudomonadales,Moraxellaceae,Enhydrobacter,Otu331
Otu1454,Bacteria,Proteobacteria,Gammaproteobacteria,Pseudomonadales,Moraxellaceae,Faucicola,Otu1454
Otu2077,Bacteria,Proteobacteria,Gammaproteobacteria,Pseudomonadales,Moraxellaceae,Paraperlucidibaca,Otu2077
Otu1933,Bacteria,Proteobacteria,Gammaproteobacteria,Pseudomonadales,Moraxellaceae,Perlucidibaca,Otu1933
Otu1661,Bacteria,Proteobacteria,Gammaproteobacteria,Pseudomonadales,Pseudomonadaceae,Permianibacter,Otu1661
Otu283,Bacteria,Proteobacteria,Gammaproteobacteria,Pseudomonadales,Pseudomonadaceae,Pseudomonas,Otu283
Otu433,Bacteria,Proteobacteria,Gammaproteobacteria,Pseudomonadales,Pseudomonadaceae,Pseudomonas,Otu433
Otu460,Bacteria,Proteobacteria,Gammaproteobacteria,Pseudomonadales,Pseudomonadaceae,Pseudomonas,Otu460
Otu836,Bacteria,Proteobacteria,Gammaproteobacteria,Pseudomonadales,Pseudomonadaceae,Pseudomonas,Otu836
Otu152,Bacteria,Proteobacteria,Gammaproteobacteria,Pseudomonadales,Pseudomonadaceae,Serpens,Otu152
Otu2029,Bacteria,Proteobacteria,Gammaproteobacteria,Pseudomonadales,Pseudomonadaceae,Serpens,Otu2029
Otu2155,Bacteria,Proteobacteria,Gammaproteobacteria,Pseudomonadales,Pseudomonadaceae,Serpens,Otu2155
Otu36,Bacteria,Proteobacteria,Gammaproteobacteria,Pseudomonadales,Pseudomonadaceae,Serpens,Otu36
Otu577,Bacteria,Proteobacteria,Gammaproteobacteria,Pseudomonadales,Pseudomonadaceae,Serpens,Otu577
Otu671,Bacteria,Proteobacteria,Gammaproteobacteria,Pseudomonadales,Pseudomonadaceae,Serpens,Otu671
Otu347,Bacteria,Proteobacteria,Gammaproteobacteria,Pseudomonadales,Pseudomonadaceae,Thiopseudomonas,Otu347
Otu1031,Bacteria,Proteobacteria,Gammaproteobacteria,Pseudomonadales,Pseudomonadales_incertae_sedis,Dasania,Otu1031
Otu1147,Bacteria,Proteobacteria,Gammaproteobacteria,Pseudomonadales,Pseudomonadales_incertae_sedis,Dasania,Otu1147
Otu796,Bacteria,Proteobacteria,Gammaproteobacteria,Pseudomonadales,Pseudomonadales_incertae_sedis,Dasania,Otu796
Otu839,Bacteria,Proteobacteria,Gammaproteobacteria,Pseudomonadales,Pseudomonadales_incertae_sedis,Dasania,Otu839
Otu987,Bacteria,Proteobacteria,Gammaproteobacteria,Pseudomonadales,Pseudomonadales_incertae_sedis,Dasania,Otu987
Otu1395,Bacteria,Proteobacteria,Gammaproteobacteria,Salinisphaerales,Salinisphaeraceae,Salinisphaera,Otu1395
Otu1318,Bacteria,Proteobacteria,Gammaproteobacteria,Thiotrichales,Francisellaceae,Francisella,Otu1318
Otu1189,Bacteria,Proteobacteria,Gammaproteobacteria,Thiotrichales,Piscirickettsiaceae,Galenea,Otu1189
Otu1480,Bacteria,Proteobacteria,Gammaproteobacteria,Thiotrichales,Piscirickettsiaceae,Galenea,Otu1480
Otu1885,Bacteria,Proteobacteria,Gammaproteobacteria,Thiotrichales,Piscirickettsiaceae,Galenea,Otu1885
Otu1441,Bacteria,Proteobacteria,Gammaproteobacteria,Thiotrichales,Piscirickettsiaceae,Methylophaga,Otu1441
Otu159,Bacteria,Proteobacteria,Gammaproteobacteria,Thiotrichales,Piscirickettsiaceae,Methylophaga,Otu159
Otu397,Bacteria,Proteobacteria,Gammaproteobacteria,Thiotrichales,Piscirickettsiaceae,Methylophaga,Otu397
Otu594,Bacteria,Proteobacteria,Gammaproteobacteria,Thiotrichales,Piscirickettsiaceae,Methylophaga,Otu594
Otu1710,Bacteria,Proteobacteria,Gammaproteobacteria,Thiotrichales,Piscirickettsiaceae,Piscirickettsia,Otu1710
Otu1604,Bacteria,Proteobacteria,Gammaproteobacteria,Thiotrichales,Thiotrichaceae,Beggiatoa,Otu1604
Otu1649,Bacteria,Proteobacteria,Gammaproteobacteria,Thiotrichales,Thiotrichaceae,Beggiatoa,Otu1649
Otu1522,Bacteria,Proteobacteria,Gammaproteobacteria,Thiotrichales,Thiotrichaceae,Leucothrix,Otu1522
Otu867,Bacteria,Proteobacteria,Gammaproteobacteria,Thiotrichales,Thiotrichaceae,Thiothrix,Otu867
Otu1035,Bacteria,Proteobacteria,Gammaproteobacteria,Thiotrichales,Thiotrichales_incertae_sedis,Fangia,Otu1035
Otu1435,Bacteria,Proteobacteria,Gammaproteobacteria,Thiotrichales,Thiotrichales_incertae_sedis,Fangia,Otu1435
Otu1484,Bacteria,Proteobacteria,Gammaproteobacteria,Thiotrichales,Thiotrichales_incertae_sedis,Fangia,Otu1484
Otu1780,Bacteria,Proteobacteria,Gammaproteobacteria,Thiotrichales,Thiotrichales_incertae_sedis,Fangia,Otu1780
Otu1827,Bacteria,Proteobacteria,Gammaproteobacteria,Thiotrichales,Thiotrichales_incertae_sedis,Fangia,Otu1827
Otu746,Bacteria,Proteobacteria,Gammaproteobacteria,Thiotrichales,Thiotrichales_incertae_sedis,Fangia,Otu746
Otu187,Bacteria,Proteobacteria,Gammaproteobacteria,Vibrionales,Vibrionaceae,Enterovibrio,Otu187
Otu1065,Bacteria,Proteobacteria,Gammaproteobacteria,Vibrionales,Vibrionaceae,Lucibacterium,Otu1065
Otu1975,Bacteria,Proteobacteria,Gammaproteobacteria,Vibrionales,Vibrionaceae,Lucibacterium,Otu1975
Otu1370,Bacteria,Proteobacteria,Gammaproteobacteria,Vibrionales,Vibrionaceae,Photobacterium,Otu1370
Otu1805,Bacteria,Proteobacteria,Gammaproteobacteria,Vibrionales,Vibrionaceae,Vibrio,Otu1805
Otu7,Bacteria,Proteobacteria,Gammaproteobacteria,Vibrionales,Vibrionaceae,Vibrio,Otu7
Otu2255,Bacteria,Proteobacteria,Gammaproteobacteria,Xanthomonadales,Sinobacteraceae,Fontimonas,Otu2255
Otu1610,Bacteria,Proteobacteria,Gammaproteobacteria,Xanthomonadales,Sinobacteraceae,Hydrocarboniphaga,Otu1610
Otu1643,Bacteria,Proteobacteria,Gammaproteobacteria,Xanthomonadales,Sinobacteraceae,Povalibacter,Otu1643
Otu783,Bacteria,Proteobacteria,Gammaproteobacteria,Xanthomonadales,Sinobacteraceae,Povalibacter,Otu783
Otu345,Bacteria,Proteobacteria,Gammaproteobacteria,Xanthomonadales,Sinobacteraceae,Steroidobacter,Otu345
Otu492,Bacteria,Proteobacteria,Gammaproteobacteria,Xanthomonadales,Sinobacteraceae,Steroidobacter,Otu492
Otu505,Bacteria,Proteobacteria,Gammaproteobacteria,Xanthomonadales,Sinobacteraceae,Steroidobacter,Otu505
Otu2231,Bacteria,Proteobacteria,Gammaproteobacteria,Xanthomonadales,Xanthomonadaceae,Arenimonas,Otu2231
Otu1418,Bacteria,Proteobacteria,Gammaproteobacteria,Xanthomonadales,Xanthomonadaceae,Chiayiivirga,Otu1418
Otu654,Bacteria,Proteobacteria,Gammaproteobacteria,Xanthomonadales,Xanthomonadaceae,Chiayiivirga,Otu654
Otu1059,Bacteria,Proteobacteria,Gammaproteobacteria,Xanthomonadales,Xanthomonadaceae,Mizugakiibacter,Otu1059
Otu1112,Bacteria,Proteobacteria,Gammaproteobacteria,Xanthomonadales,Xanthomonadaceae,Silanimonas,Otu1112
Otu827,Bacteria,Proteobacteria,Gammaproteobacteria,Xanthomonadales,Xanthomonadaceae,Stenotrophomonas,Otu827
Otu1821,Bacteria,Proteobacteria,Oligoflexia,Oligoflexales,Oligoflexaceae,Oligoflexus,Otu1821
Otu1847,Bacteria,Proteobacteria,Oligoflexia,Oligoflexales,Oligoflexaceae,Oligoflexus,Otu1847
Otu1907,Bacteria,Proteobacteria,Oligoflexia,Oligoflexales,Oligoflexaceae,Oligoflexus,Otu1907
Otu1919,Bacteria,Proteobacteria,Oligoflexia,Oligoflexales,Oligoflexaceae,Oligoflexus,Otu1919
Otu2218,Bacteria,Proteobacteria,Oligoflexia,Oligoflexales,Oligoflexaceae,Oligoflexus,Otu2218
Otu919,Bacteria,Proteobacteria,Oligoflexia,Oligoflexales,Oligoflexaceae,Oligoflexus,Otu919
Otu815,Bacteria,Spirochaetes,Spirochaetia,Spirochaetales,Brevinemataceae,Brevinema,Otu815
Otu1342,Bacteria,Spirochaetes,Spirochaetia,Spirochaetales,Leptospiraceae,Leptonema,Otu1342
Otu1955,Bacteria,Spirochaetes,Spirochaetia,Spirochaetales,Leptospiraceae,Leptonema,Otu1955
Otu1993,Bacteria,SR1,SR1_genera_incertae_sedis,SR1_genera_incertae_sedis,SR1_genera_incertae_sedis,SR1_genera_incertae_sedis,Otu1993
Otu725,Bacteria,Synergistetes,Synergistia,Synergistales,Synergistaceae,Aminomonas,Otu725
Otu1185,Bacteria,Tenericutes,Mollicutes,Mycoplasmatales,Mycoplasmataceae,Mycoplasma,Otu1185
Otu1377,Bacteria,Tenericutes,Mollicutes,Mycoplasmatales,Mycoplasmataceae,Mycoplasma,Otu1377
Otu255,Archaea,Thaumarchaeota,Nitrosopumilales,Nitrosopumilales,Nitrosopumilaceae,Nitrosopumilus,Otu255
Otu1580,Bacteria,Thermotogae,Thermotogae,Thermotogales,Thermotogaceae,Mesoaciditoga,Otu1580
Otu2100,Bacteria,Verrucomicrobia,Opitutae,Opitutales,Opitutaceae,Alterococcus,Otu2100
Otu1258,Bacteria,Verrucomicrobia,Opitutae,Opitutales,Opitutaceae,Opitutus,Otu1258
Otu1453,Bacteria,Verrucomicrobia,Opitutae,Opitutales,Opitutaceae,Opitutus,Otu1453
Otu1779,Bacteria,Verrucomicrobia,Opitutae,Opitutales,Opitutaceae,Opitutus,Otu1779
Otu1813,Bacteria,Verrucomicrobia,Opitutae,Opitutales,Opitutaceae,Opitutus,Otu1813
Otu2095,Bacteria,Verrucomicrobia,Opitutae,Opitutales,Opitutaceae,Opitutus,Otu2095
Otu1214,Bacteria,Verrucomicrobia,Opitutae,Puniceicoccales,Puniceicoccaceae,Cerasicoccus,Otu1214
Otu265,Bacteria,Verrucomicrobia,Opitutae,Puniceicoccales,Puniceicoccaceae,Cerasicoccus,Otu265
Otu561,Bacteria,Verrucomicrobia,Opitutae,Puniceicoccales,Puniceicoccaceae,Cerasicoccus,Otu561
Otu1091,Bacteria,Verrucomicrobia,Opitutae,Puniceicoccales,Puniceicoccaceae,Coraliomargarita,Otu1091
Otu1255,Bacteria,Verrucomicrobia,Opitutae,Puniceicoccales,Puniceicoccaceae,Coraliomargarita,Otu1255
Otu1290,Bacteria,Verrucomicrobia,Opitutae,Puniceicoccales,Puniceicoccaceae,Coraliomargarita,Otu1290
Otu2122,Bacteria,Verrucomicrobia,Opitutae,Puniceicoccales,Puniceicoccaceae,Coraliomargarita,Otu2122
Otu278,Bacteria,Verrucomicrobia,Opitutae,Puniceicoccales,Puniceicoccaceae,Pelagicoccus,Otu278
Otu292,Bacteria,Verrucomicrobia,Opitutae,Puniceicoccales,Puniceicoccaceae,Pelagicoccus,Otu292
Otu1568,Bacteria,Verrucomicrobia,Opitutae,Puniceicoccales,Puniceicoccaceae,Puniceicoccus,Otu1568
Otu196,Bacteria,Verrucomicrobia,Opitutae,Puniceicoccales,Puniceicoccaceae,Puniceicoccus,Otu196
Otu379,Bacteria,Verrucomicrobia,Opitutae,Puniceicoccales,Puniceicoccaceae,Puniceicoccus,Otu379
Otu535,Bacteria,Verrucomicrobia,Opitutae,Puniceicoccales,Puniceicoccaceae,Puniceicoccus,Otu535
Otu2064,Bacteria,Verrucomicrobia,Spartobacteria,Spartobacteria_genera_incertae_sedis,Spartobacteria_genera_incertae_sedis,Spartobacteria_genera_incertae_sedis,Otu2064
Otu565,Bacteria,Verrucomicrobia,Spartobacteria,Spartobacteria_genera_incertae_sedis,Spartobacteria_genera_incertae_sedis,Spartobacteria_genera_incertae_sedis,Otu565
Otu1166,Bacteria,Verrucomicrobia,Spartobacteria,Terrimicrobium,Terrimicrobium,Terrimicrobium,Otu1166
Otu2132,Bacteria,Verrucomicrobia,Spartobacteria,Terrimicrobium,Terrimicrobium,Terrimicrobium,Otu2132
Otu2247,Bacteria,Verrucomicrobia,Spartobacteria,Terrimicrobium,Terrimicrobium,Terrimicrobium,Otu2247
Otu922,Bacteria,Verrucomicrobia,Spartobacteria,Terrimicrobium,Terrimicrobium,Terrimicrobium,Otu922
Otu1213,Bacteria,Verrucomicrobia,Subdivision3,Limisphaera,Limisphaera,Limisphaera,Otu1213
Otu1914,Bacteria,Verrucomicrobia,Subdivision3,Limisphaera,Limisphaera,Limisphaera,Otu1914
Otu2056,Bacteria,Verrucomicrobia,Subdivision3,Limisphaera,Limisphaera,Limisphaera,Otu2056
Otu1206,Bacteria,Verrucomicrobia,Subdivision3,Subdivision3_genera_incertae_sedis,Subdivision3_genera_incertae_sedis,Subdivision3_genera_incertae_sedis,Otu1206
Otu1400,Bacteria,Verrucomicrobia,Subdivision3,Subdivision3_genera_incertae_sedis,Subdivision3_genera_incertae_sedis,Subdivision3_genera_incertae_sedis,Otu1400
Otu166,Bacteria,Verrucomicrobia,Subdivision3,Subdivision3_genera_incertae_sedis,Subdivision3_genera_incertae_sedis,Subdivision3_genera_incertae_sedis,Otu166
Otu1759,Bacteria,Verrucomicrobia,Subdivision3,Subdivision3_genera_incertae_sedis,Subdivision3_genera_incertae_sedis,Subdivision3_genera_incertae_sedis,Otu1759
Otu1769,Bacteria,Verrucomicrobia,Subdivision3,Subdivision3_genera_incertae_sedis,Subdivision3_genera_incertae_sedis,Subdivision3_genera_incertae_sedis,Otu1769
Otu191,Bacteria,Verrucomicrobia,Subdivision3,Subdivision3_genera_incertae_sedis,Subdivision3_genera_incertae_sedis,Subdivision3_genera_incertae_sedis,Otu191
Otu2228,Bacteria,Verrucomicrobia,Subdivision3,Subdivision3_genera_incertae_sedis,Subdivision3_genera_incertae_sedis,Subdivision3_genera_incertae_sedis,Otu2228
Otu496,Bacteria,Verrucomicrobia,Subdivision3,Subdivision3_genera_incertae_sedis,Subdivision3_genera_incertae_sedis,Subdivision3_genera_incertae_sedis,Otu496
Otu497,Bacteria,Verrucomicrobia,Subdivision3,Subdivision3_genera_incertae_sedis,Subdivision3_genera_incertae_sedis,Subdivision3_genera_incertae_sedis,Otu497
Otu818,Bacteria,Verrucomicrobia,Subdivision3,Subdivision3_genera_incertae_sedis,Subdivision3_genera_incertae_sedis,Subdivision3_genera_incertae_sedis,Otu818
Otu864,Bacteria,Verrucomicrobia,Subdivision3,Subdivision3_genera_incertae_sedis,Subdivision3_genera_incertae_sedis,Subdivision3_genera_incertae_sedis,Otu864
Otu925,Bacteria,Verrucomicrobia,Subdivision3,Subdivision3_genera_incertae_sedis,Subdivision3_genera_incertae_sedis,Subdivision3_genera_incertae_sedis,Otu925
Otu926,Bacteria,Verrucomicrobia,Subdivision3,Subdivision3_genera_incertae_sedis,Subdivision3_genera_incertae_sedis,Subdivision3_genera_incertae_sedis,Otu926
Otu1734,Bacteria,Verrucomicrobia,Subdivision5,Subdivision5_genera_incertae_sedis,Subdivision5_genera_incertae_sedis,Subdivision5_genera_incertae_sedis,Otu1734
Otu2113,Bacteria,Verrucomicrobia,Verrucomicrobiae,Verrucomicrobiales,Rubritaleaceae,Rubritalea,Otu2113
Otu2187,Bacteria,Verrucomicrobia,Verrucomicrobiae,Verrucomicrobiales,Rubritaleaceae,Rubritalea,Otu2187
Otu37,Bacteria,Verrucomicrobia,Verrucomicrobiae,Verrucomicrobiales,Rubritaleaceae,Rubritalea,Otu37
Otu846,Bacteria,Verrucomicrobia,Verrucomicrobiae,Verrucomicrobiales,Verrucomicrobiaceae,Brevifollis,Otu846
Otu1852,Bacteria,Verrucomicrobia,Verrucomicrobiae,Verrucomicrobiales,Verrucomicrobiaceae,Haloferula,Otu1852
Otu403,Bacteria,Verrucomicrobia,Verrucomicrobiae,Verrucomicrobiales,Verrucomicrobiaceae,Haloferula,Otu403
Otu502,Bacteria,Verrucomicrobia,Verrucomicrobiae,Verrucomicrobiales,Verrucomicrobiaceae,Haloferula,Otu502
Otu122,Bacteria,Verrucomicrobia,Verrucomicrobiae,Verrucomicrobiales,Verrucomicrobiaceae,Luteolibacter,Otu122
Otu1479,Bacteria,Verrucomicrobia,Verrucomicrobiae,Verrucomicrobiales,Verrucomicrobiaceae,Luteolibacter,Otu1479
Otu1538,Bacteria,Verrucomicrobia,Verrucomicrobiae,Verrucomicrobiales,Verrucomicrobiaceae,Luteolibacter,Otu1538
Otu1591,Bacteria,Verrucomicrobia,Verrucomicrobiae,Verrucomicrobiales,Verrucomicrobiaceae,Luteolibacter,Otu1591
Otu1646,Bacteria,Verrucomicrobia,Verrucomicrobiae,Verrucomicrobiales,Verrucomicrobiaceae,Luteolibacter,Otu1646
Otu172,Bacteria,Verrucomicrobia,Verrucomicrobiae,Verrucomicrobiales,Verrucomicrobiaceae,Luteolibacter,Otu172
Otu1755,Bacteria,Verrucomicrobia,Verrucomicrobiae,Verrucomicrobiales,Verrucomicrobiaceae,Luteolibacter,Otu1755
Otu1818,Bacteria,Verrucomicrobia,Verrucomicrobiae,Verrucomicrobiales,Verrucomicrobiaceae,Luteolibacter,Otu1818
Otu2104,Bacteria,Verrucomicrobia,Verrucomicrobiae,Verrucomicrobiales,Verrucomicrobiaceae,Luteolibacter,Otu2104
Otu468,Bacteria,Verrucomicrobia,Verrucomicrobiae,Verrucomicrobiales,Verrucomicrobiaceae,Luteolibacter,Otu468
Otu1042,Bacteria,Verrucomicrobia,Verrucomicrobiae,Verrucomicrobiales,Verrucomicrobiaceae,Persicirhabdus,Otu1042
Otu1063,Bacteria,Verrucomicrobia,Verrucomicrobiae,Verrucomicrobiales,Verrucomicrobiaceae,Persicirhabdus,Otu1063
Otu1509,Bacteria,Verrucomicrobia,Verrucomicrobiae,Verrucomicrobiales,Verrucomicrobiaceae,Persicirhabdus,Otu1509
Otu1733,Bacteria,Verrucomicrobia,Verrucomicrobiae,Verrucomicrobiales,Verrucomicrobiaceae,Persicirhabdus,Otu1733
Otu1863,Bacteria,Verrucomicrobia,Verrucomicrobiae,Verrucomicrobiales,Verrucomicrobiaceae,Persicirhabdus,Otu1863
Otu1966,Bacteria,Verrucomicrobia,Verrucomicrobiae,Verrucomicrobiales,Verrucomicrobiaceae,Persicirhabdus,Otu1966
Otu1997,Bacteria,Verrucomicrobia,Verrucomicrobiae,Verrucomicrobiales,Verrucomicrobiaceae,Persicirhabdus,Otu1997
Otu2182,Bacteria,Verrucomicrobia,Verrucomicrobiae,Verrucomicrobiales,Verrucomicrobiaceae,Persicirhabdus,Otu2182
Otu924,Bacteria,Verrucomicrobia,Verrucomicrobiae,Verrucomicrobiales,Verrucomicrobiaceae,Persicirhabdus,Otu924
Otu2070,Bacteria,Verrucomicrobia,Verrucomicrobiae,Verrucomicrobiales,Verrucomicrobiaceae,Prosthecobacter,Otu2070
Otu1122,Bacteria,Verrucomicrobia,Verrucomicrobiae,Verrucomicrobiales,Verrucomicrobiaceae,Roseibacillus,Otu1122
Otu1173,Bacteria,Verrucomicrobia,Verrucomicrobiae,Verrucomicrobiales,Verrucomicrobiaceae,Roseibacillus,Otu1173
Otu1380,Bacteria,Verrucomicrobia,Verrucomicrobiae,Verrucomicrobiales,Verrucomicrobiaceae,Roseibacillus,Otu1380
Otu1551,Bacteria,Verrucomicrobia,Verrucomicrobiae,Verrucomicrobiales,Verrucomicrobiaceae,Roseibacillus,Otu1551
Otu1689,Bacteria,Verrucomicrobia,Verrucomicrobiae,Verrucomicrobiales,Verrucomicrobiaceae,Roseibacillus,Otu1689
Otu1775,Bacteria,Verrucomicrobia,Verrucomicrobiae,Verrucomicrobiales,Verrucomicrobiaceae,Roseibacillus,Otu1775
Otu1868,Bacteria,Verrucomicrobia,Verrucomicrobiae,Verrucomicrobiales,Verrucomicrobiaceae,Roseibacillus,Otu1868
Otu1910,Bacteria,Verrucomicrobia,Verrucomicrobiae,Verrucomicrobiales,Verrucomicrobiaceae,Roseibacillus,Otu1910
Otu208,Bacteria,Verrucomicrobia,Verrucomicrobiae,Verrucomicrobiales,Verrucomicrobiaceae,Roseibacillus,Otu208
Otu764,Bacteria,Verrucomicrobia,Verrucomicrobiae,Verrucomicrobiales,Verrucomicrobiaceae,Roseibacillus,Otu764
Otu81,Bacteria,Verrucomicrobia,Verrucomicrobiae,Verrucomicrobiales,Verrucomicrobiaceae,Roseibacillus,Otu81
Otu1598,Bacteria,Verrucomicrobia,Verrucomicrobiae,Verrucomicrobiales,Verrucomicrobiaceae,Verrucomicrobium,Otu1598
Otu2143,Bacteria,Verrucomicrobia,Verrucomicrobiae,Verrucomicrobiales,Verrucomicrobiaceae,Verrucomicrobium,Otu2143
Otu1606,Archaea,Woesearchaeota,Woesearchaeota Incertae Sedis AR15,Woesearchaeota Incertae Sedis AR15,Woesearchaeota Incertae Sedis AR15,Woesearchaeota Incertae Sedis AR15,Otu1606
Otu2008,Archaea,Woesearchaeota,Woesearchaeota Incertae Sedis AR16,Woesearchaeota Incertae Sedis AR16,Woesearchaeota Incertae Sedis AR16,Woesearchaeota Incertae Sedis AR16,Otu2008
Otu2258,Archaea,Woesearchaeota,Woesearchaeota Incertae Sedis AR16,Woesearchaeota Incertae Sedis AR16,Woesearchaeota Incertae Sedis AR16,Woesearchaeota Incertae Sedis AR16,Otu2258
Otu1816,Archaea,Woesearchaeota,Woesearchaeota Incertae Sedis AR18,Woesearchaeota Incertae Sedis AR18,Woesearchaeota Incertae Sedis AR18,Woesearchaeota Incertae Sedis AR18,Otu1816